1,pbFwXWE99vobT6g+vPWFy93NtUU/orrIWafF01hccfM=,bE3XiWw=,329EACBE-C883-4F48-B8B6-17AA4627EFFF,2009-01-07 00:00:00.000
2,bawRVNrZQYQ05qF05Gz6VLilnviZmrqBReTTAGAudm0=,EjJaC3U=,A4C82398-7466-4FE6-B9EE-CEC34D116F68,2008-01-24 00:00:00.000
3,8BUXrZfDqO1IyHCWOYzYmqN1IhTUn3CJMpdx/UCQ3iY=,wbPZqMw=,AC3F4536-BB2E-41C5-B70D-454BE460C1BD,2007-11-04 00:00:00.000
4,SjLXpiarHSlz+6AG+H+4QpB/IPRzras/+9q/5Wr7tf8=,PwSunQU=,B3FA4C24-2E96-477C-A923-0CB0F6FA5C80,2007-11-28 00:00:00.000
5,8FYdAiY6gWuBsgjCFdg0UibtsqOcWHf9TyaHIP7+paA=,qYhZRiM=,C4D13BCF-0209-44C7-AC67-6F817FDD7F16,2007-12-30 00:00:00.000
6,u5kbN5n84NRE1h/a+ktdRrXucjgrmfF6wZC4g82rjHM=,a9GiLUA=,BBE788B9-8D6D-4799-87A7-7B85B6BD67DC,2013-12-16 00:00:00.000
7,zSqerln8T8eq3nYHC4Lx4vMuxZaxkDylVwWnP2ZT6QA=,13mu8BA=,AFD3A20A-787B-4069-92DB-AEE666C02847,2009-02-01 00:00:00.000
8,s+FUWADIZzXBKpcbxe4OwL2uiJmjLogJNYXXHvc1X/k=,FlCpzTU=,4FE51B60-130E-4209-9E67-28DC4D91446C,2008-12-22 00:00:00.000
9,fCvCTy3RwzA2LNhhhYUbT7erkb9Au5wyM2q7ReHroV0=,FTcZMvQ=,99F4F320-F05D-4FA1-BB0D-81C9425422F3,2009-01-09 00:00:00.000
10,/8biMrxuAtETGeIuloSrMQHBraZtZ+eU2z5OJ1Fhn6M=,K7dMpTY=,82F25F0C-5D75-4246-958A-B6DF67559D09,2009-04-26 00:00:00.000
11,iaZ6ky76dbOG+0Y069v4bm78UfhfGXSeYtxp4Vgd15o=,wTGciQ8=,3AF51C6F-B835-4483-94B3-8F6FD30EFDA2,2010-11-28 00:00:00.000
12,I9HGCr3jbwF3LYBlVsM/cOC2IHfg7ns5t2xejnWZ9Ko=,S0g9tDo=,FC239924-2C45-4BAD-BBE7-26C74CAE7526,2007-12-04 00:00:00.000
13,3ZuoojogvvBKmtr+iHeqWoiZNCzp6N1abPoymjp+O+4=,S7XWeXc=,80862E73-CD76-4E2E-AA80-26BD8476F736,2010-12-16 00:00:00.000
14,mKAlVVzgDo12qro7ZDmr3oEmCxklWc7+dYDFlC58Vv4=,BpZw68c=,28B6CB19-3E5B-4DA6-BB63-5EB981D22D4A,2010-12-23 00:00:00.000
15,m5ESf7VNdqsqa/s82jX/r3UK95GTrMPM4YhGw0jzS9c=,dhGWm88=,AE7E33BE-25CD-419C-9965-A3080864D3F8,2011-01-11 00:00:00.000
16,oaeJoTn5hbyNfemp2qzIpGTP5uNle8NRPki9Ur3Znl8=,CTdtN+Q=,AE8D247F-C6D3-4842-B34C-46061CE85303,2007-12-13 00:00:00.000
17,7OdV1zJ/Q0TtaAgSo1KHZAFaUhN0XjqzL9gXrnpl5BE=,nqdPuIs=,FF714E7E-B072-4F44-A63F-27380090A8E8,2007-01-19 00:00:00.000
18,+Six1+I1JOOR+oosTOz1L7jf/t79CUdo05d5uv+scXE=,5lT5pzE=,0106C76D-A026-48EA-A6F3-56EE3E837182,2011-01-31 00:00:00.000
19,+NeFaMBZDuBHjM/jVl5RQmWChbKw5O6H7LR8DAboLXc=,9S8bKmU=,2A41CB38-D36B-4A71-934D-44CBDD67DAB3,2011-02-07 00:00:00.000
20,QK5+W4y+v4xBQ7/grkmXPa5kK5G8kMb5qJZLpDzpLko=,QxeRrms=,79A3D7DE-ABF5-48CD-9AD4-2695C77D9B78,2010-12-31 00:00:00.000
21,b8i62trjF69At8pO1r2uClfiGWq0wx7w8Kz8xsOVmSs=,UDnl8iQ=,26213E6B-A19B-48EA-BDEF-E35E7CAAC119,2009-02-23 00:00:00.000
22,NrVTt2LIAOOd/kB3YfCaKzLbeOgefZsGTeg2z7TKzhw=,oK/J3Z0=,CC95C3EF-2F68-40AE-B5BE-D2803C650592,2008-12-05 00:00:00.000
23,TlZs9R2WoVp1jjfCyxE8Dtaw4OhlcKgCPbqXaOxeIW4=,xW40Ctk=,73E5DC9E-8D7F-446B-845D-C2E986F6B07A,2009-01-05 00:00:00.000
24,wI5v4SNv5Mg5ea0Ufy1xy966PrXWCBp8gLIhC1QTqWw=,Cog9m/Y=,1A21E3E2-DF7C-41BB-BF57-0F678011D485,2009-01-11 00:00:00.000
25,iYoywqstKDflRLmJwKmI/ObzZl6KQ4sX5hUgBa1Qgz0=,cHNglYA=,21BA0A6A-3DE5-4364-8A48-A1311BCD6823,2009-01-27 00:00:00.000
26,GCZ//7zDxPTsO9cuY1Rk0uUUc6t2jEGZwjGqXVll6Ws=,FKGTmOE=,A0E823C7-A15B-4385-B7B7-39461959A147,2008-11-24 00:00:00.000
27,uQaHsaafTmDMFjX9nNhAFjHaYjqeTZhlcZp4azb5Hgs=,+QS/bjA=,73753D91-15B3-43C9-A240-9A629A3DD613,2008-02-20 00:00:00.000
28,Li2+pm3yhRgX8v0v3JJZWL8NPgdBse1zAG1ph25sFAk=,Lanmhoo=,44BB1FA5-0F54-439E-BF09-9809AAC86B6A,2006-06-23 00:00:00.000
29,2sudtPUZMsjMIVXKcfx3NPWhTws5ZSHJa+pzKYnyxtU=,a1y2pAU=,82D0D80B-456E-4B5E-BA50-D01E358C827E,2009-01-16 00:00:00.000
30,xyWYdzg9o+gUyBlMkxVRx4O4oBuaXtien0ZXxhB58gM=,iZ1gk4w=,EA0FF026-748A-40B2-AFD6-495109CF884C,2009-01-22 00:00:00.000
31,kJbBLUOic5PVfwg1GdR9qfyoMjvORTYcGZodSeVZWIk=,sIEEdsc=,DF6CEE78-E136-4DD7-99E4-AE8F4DD17690,2008-12-28 00:00:00.000
32,eNEOaY4IjJnWBTMEi5RwtrUvNsnE2JdKomG3EtXh0DI=,wWhazQ0=,2D2E85AE-DC60-4E13-80B7-AFFBC27CD36F,2008-12-22 00:00:00.000
33,imO5JUOoa0oxbLl8+7IFkDSXBvSPkWMIQ+LyZweF5JU=,O6qnszI=,EC1957A6-0C4E-47DB-9675-E6EABDC0C09C,2008-12-10 00:00:00.000
34,8gRugQzLi5VXNW0Nf8zZVbfXgEugWH0RjY+Q+HMyuVY=,fV77lec=,B9EC023E-0AF2-460A-AF35-43FDC9DA0AE5,2009-02-09 00:00:00.000
35,aG4eXJgOVz70IbhQ0E+86zZ73KYXXw8dPt3YCyGZeE8=,/e8ZHbc=,1C62B018-6E75-4292-934F-D3ACB3B45441,2009-02-01 00:00:00.000
36,JayoOBYFOeSNXJFNFOCCpaxrgbjZo0KR1GhtVts+TGs=,LzNcnKc=,E110E771-3AC1-4F71-A6AC-2BF369DF6E8E,2009-02-03 00:00:00.000
37,lZfD5IydVoTG3D4Kl+Rlu/4zC1Ws/KvjgNz7S146TDo=,T/vRqY0=,DC6FECE9-E76E-440F-8C6F-3C98312143CC,2009-02-28 00:00:00.000
38,vjjIYGB99tLATbne8D7MRTg2+tkExYHjmH/pcWSg3nE=,wdPlbgo=,7D3CF293-D77C-40F7-832B-F92B97978D51,2010-01-09 00:00:00.000
39,1qBCXoN8hcC6AXCLJ+mHECaq2uadfZjUhsZ0T9VOrCQ=,QxftJhk=,35824D5C-8133-4731-8708-E910F894D834,2010-01-29 00:00:00.000
40,8bitCdCd+ipeWv1IH6koUF/Kj+5LnT4/9Upfr2aW/JY=,zS9+W2w=,4FFB40FF-0B3A-4B87-BA92-E2299C0A23C4,2007-12-19 00:00:00.000
41,0DC43UiCe4QCmUgrnFd0Lur1C0rfS+Ht1Z8sgyk7wlM=,f64DkCs=,9D84B640-C18B-4719-BB9D-22E54F9B9637,2009-01-14 00:00:00.000
42,HSLAA7MxklY4dZIcbcNYGiUvPkEi4tyG/U0WE76uBag=,uTuRBuI=,4744760D-AF49-4C6B-B9CE-42C94322C699,2008-12-20 00:00:00.000
43,n2QKI23Ms1v3+43ei7hm1pUh6SkQcc5J3r52yMYeNTA=,6f2hjx4=,7DEBE4E3-D77A-4CC6-A7E5-54C72B7721C4,2008-12-26 00:00:00.000
44,IoIaCj49Zj5/06VGOxs/PBaHj8A5PNmtkP6GD1VdKA8=,Tc2WN/g=,B0F4DD32-771F-465A-B7BE-9F1C347162F7,2008-12-01 00:00:00.000
45,bNLcjIkHF9PhhLoHDcoQMFdZqro/2LhO6rbZEXwuXgA=,x8a2Ne8=,09307580-221E-4F99-B7AC-BA2DDBACC883,2009-02-19 00:00:00.000
46,FRAoiZRV3HyWmSEykYZOHNH2YwpT2Vkp+8vfSVY+4Yo=,5Tst9Lo=,FA1293C9-42FC-485A-8F42-4DD978851FE9,2009-02-01 00:00:00.000
47,OZg1gWJ8cJwFeGr4+7FZ+MqKBARAS7J+8B1pFKa1XcQ=,ZymdKp8=,6DEF63C3-D14B-4717-BADF-8417AE3FD9F3,2009-02-15 00:00:00.000
48,1RPeKdRfcI8Mq7HMufSsh7rQytv9C6RjCCFZQdVDyDU=,9jpCCt8=,6B66392C-0CAB-4779-89B5-1D8B91204273,2007-12-30 00:00:00.000
49,hMm7dGpKsLImpDz599yNKq2r505OJ6gWa/S367qozpc=,/YY4OC8=,DE7B93A1-AC2B-435F-8919-BC634320D6EB,2013-11-29 00:00:00.000
50,ZozTjNcGBqxrOfHFyynKlPjbW7aAWJ1iEYr2YlRK2tc=,CfjZvwk=,A330E72C-71D4-42C5-A08F-9978A42E526C,2008-01-26 00:00:00.000
51,W9SR91EhQQG8SpnY54G6CvXc8yTvDcQWzO2hFbc9idI=,YH+8tA4=,A368CBC0-824B-4B1E-A407-56D37DFA9270,2008-02-13 00:00:00.000
52,poOtLdr/O5ljM7FI6x2phxYKZ40LQvJdngbIyHJYOc8=,iKzMmnE=,349EE994-A613-4A3D-BBE9-F9B343B6F92F,2014-01-31 00:00:00.000
53,9R7wrCNQ60RNRkDChozyxt9wx8KosPoMy44l9T1F9tE=,vc8qLgY=,1CDDCC2A-DB43-439B-AF56-397F1936085C,2008-03-21 00:00:00.000
54,tSw5ZO9iXPX0RwBYyXXbgs0Er/WH8A9wF2dLKE9jRkc=,crrMx1g=,45EDD2B6-73BA-40C6-B25E-EB30ABC0E68F,2009-12-25 00:00:00.000
55,KaJIsOxhH/4hMm7LvXCTQDSJXvwahe1ZzRi8qcxnUBw=,d+NZCSg=,FC1B0534-8345-4729-BA29-5FC7139BA1CD,2013-12-31 00:00:00.000
56,TqlRm9aFSMX1bIHt9WKJHPFFlpZvDmBxXmcXq/TgT8Q=,pUwlZ0o=,31ED79C0-4C49-4FEC-8E76-9BEB0135DD21,2009-01-29 00:00:00.000
57,zXglfoRS7bTCeXkaCYmekzdz/Kl5apc+TLqNbe7VC9k=,z+4Xar8=,93FDB466-A688-4691-A5A8-BB943CC1F0D7,2009-02-16 00:00:00.000
58,zktaoMbtFL4JBy0MOQBR6LA1fdsu0Mlh56H4she6rTI=,FifCq2c=,7534B7F9-A7ED-4B5E-B097-90F7D5F3B7D1,2008-11-28 00:00:00.000
59,kiPpDLLHhN838Tjgq16FYttne2u7jphUoA3rU++BsI4=,etJg30I=,CDAD138D-0ECA-49DA-84A1-CB9FC31C89BF,2008-12-17 00:00:00.000
60,dcG46zy3d9RizY/+x+hNs4Sm1qW+LOArsHLnjh1MQpM=,OTtvEkg=,62E93957-90AF-4770-A248-71BF7C379E99,2009-01-04 00:00:00.000
61,/f3DO3lkCqiT9QfG85CP6cEVy9nWhhvLdWBYXn9g+/U=,PdUdjcs=,2A06A656-8447-4822-9B6F-B6BAD63AE54F,2009-01-11 00:00:00.000
62,JxsQqrqKYNwQJk5A4jZ8PTYjVQLbf7Qr4B2ToWhOuG0=,Ki83f/4=,217CA581-8A29-4C79-BC19-9B5700C9B40A,2014-02-07 00:00:00.000
63,ztktzyHv7105/0m7irluoONmBw2ejfOsBxv0ldRYcmQ=,ZW4H7XI=,6DA3287B-06FB-4CE3-A09F-ED5BE03A03CE,2010-01-22 00:00:00.000
64,+jRUrihbwVEXmyQGmKz4a/wALG2jzFJ616X/tBQMrPk=,t6IC4YE=,E461EB09-5EA5-460F-A15B-1454D8B37FAF,2010-02-16 00:00:00.000
65,Vh61euy0nDocJST/CrxONfgv/AHQebcBWDPk0RW4f/0=,y43ZOuo=,C34FD0A3-CC55-4487-AF61-E78E835880AD,2010-02-16 00:00:00.000
66,RSJWB96i8LhoGXvbT1Wc9SPtwGh+EsrYVowBTzFDBSk=,pZYt1YM=,272BCBFF-218E-4BEE-9040-379CD4A8CA31,2009-12-15 00:00:00.000
67,btAotCpGbd8u21XFa9jRomwxM9snEhk2j+T7FFf1QTs=,syZxbPA=,E0BAE928-DABC-49BC-A91F-B76ED16ECA66,2009-02-26 00:00:00.000
68,sKjIpJvzy+BB2XWa7WMQ0eFDL8Iuvv1Ueio4qDCFFnM=,wLRTFPc=,306A42BB-9467-4F65-8972-BFE3D8864C52,2009-11-26 00:00:00.000
69,U4JRa3QwDqShrc/sWzTbQyps/i2Hsu/qWDme7xF0+Rc=,50HBUXk=,663C4B68-3248-4860-9847-55B759276201,2009-02-08 00:00:00.000
70,YkOL1BpZymovEl85VM4vsrtV0EozeFw+dhw0g5ui8hY=,K8Z9iGQ=,959DF20B-3624-42FB-9DF9-CEBA8E2D6375,2008-12-08 00:00:00.000
71,egjnsimMaxOidXBXFQ33QOSGTATTRb1Uzd2P8RY7O4g=,BGo5Y+4=,4162EFCE-CBC8-4401-8780-E28FB59867DF,2009-02-08 00:00:00.000
72,WxjXwdVUavVS/yEd9EOsJN2lhCBdvaa1LXHDqZzIPic=,5bELGbE=,77931EA6-5A47-4434-AEB1-33F07DB10A5F,2008-11-24 00:00:00.000
73,GXa9p/VAJCdoICCD7qbmjAhZNpb2I/n4o8t0pxeXXmo=,9FjYQYE=,DD3196D5-8F7F-464B-A296-FE9E6DC54CEE,2008-12-12 00:00:00.000
74,7yqah7Td0IXKKTyv0cj+4a2jPREHrQD18KhWLwSzj0k=,1epjqS4=,9306F0A2-3E55-4AC6-8372-62837997A884,2008-12-31 00:00:00.000
75,QAoxz7y8tT7NG3hXzA27XeB3d88eBk5X/8wcNlTOgy8=,uf4qJn4=,355E7E6B-CEE4-4C28-9F52-A5BDE0ECE9D0,2009-01-19 00:00:00.000
76,/4TpRXSp5ThsZr0D8x3VMYYnBg7v9kL3peAZ07fZ7Pg=,7K7TF9c=,639E2D36-F732-4CCB-A8FD-C74184AE51E7,2009-02-05 00:00:00.000
77,N8I4nVK1F0ch2OJEJ8CB9zpeevmBuO3yfvUMgaVyJgY=,UFOl8jY=,C97AC032-5F8A-4A9A-993E-BF3F2CF040DB,2009-02-24 00:00:00.000
78,ylQsPrk00YFxDUrP6ji9fYqJhpQeL21R7cDfi+VoQS8=,ANcWAkg=,B9AA7938-03AC-40B7-8387-BDF648B395F6,2008-12-08 00:00:00.000
79,WkTMSDlkOAgq86BwpKuzKPODcjyAdXtyiX82BrtMDi4=,lFQRpDs=,35311C67-639F-42B8-8E93-D8C7EAD7DF64,2010-01-17 00:00:00.000
80,ip1GbTfmfkBySiZWT6JB38MPO92t0l8ubKdsvM0AmDg=,n+8wils=,2180D769-DB7F-4A64-B83C-1D8ACB104E88,2010-01-10 00:00:00.000
81,4LxZHgPvi4kKhnT42hl/xkNq3mQG2FBwg7byrvrFDFE=,mj0siTs=,D27CEEBD-2034-4161-97B4-1D7488EBE45B,2009-12-22 00:00:00.000
82,bkx8j854FLysBHt5GiNnQsj/Ig4RYpfmGQw8orfe4P4=,EvzgyaI=,DFBD1D5B-334C-404A-8F95-70BEA84DFF70,2010-02-24 00:00:00.000
83,WK/OWlkrVToVsQy4zX2K1BMzNSXgjSMEZIoP6YAG/XA=,gLhnKic=,0F45FC55-86DC-434A-937A-9998ECFC36A4,2010-02-05 00:00:00.000
84,5IOBod2fuZYTDI3xJH48BWbtNgfRcCmKsSCVp2LtyOg=,WJHSVhY=,99A7BA4A-0D6E-4E1C-A7ED-661A078F3CDB,2010-01-29 00:00:00.000
85,xZNvaAVnZiGqmL/AUwAwgRShl4po8j8szep2gbwhAig=,gpzwvOQ=,18C6D05E-6715-44B7-8383-E296E1688E90,2009-12-04 00:00:00.000
86,1ZTIwEnX3wcxbY2rY+eqUYLFGZeXCh0OcyvQ65AO5bo=,EWSTlJg=,1E9FE750-04B7-4234-A484-29B5DA54C914,2008-12-29 00:00:00.000
87,rEI2s12gXSaZL5t+0Q1kasE2DP8wP05zf9s4qGLs80Q=,xwU0wMc=,615B0498-5460-47E9-A645-D2CC9DE9DA4A,2008-12-15 00:00:00.000
88,vAE9oPAVaWTOEupyl+GeVkgyIQqvIB4u7EuLnE3S8bk=,b2XirdM=,C5F286DC-11B2-4A49-9CF6-1A1036B4A4B8,2009-12-11 00:00:00.000
89,LfVBBiNNQg/vUbziH10ygXvFUbq1Yn2GN+Wv+jo8yjw=,1jOLh6Q=,0CCBA338-A086-4F0B-83BB-5A422D9BBB89,2010-01-25 00:00:00.000
90,eofw7bOxaEgGHj91cN1T0HjO5fJ+aSPBUGlcYF06uew=,oLUagu0=,8B5951ED-916E-4840-9BDB-6571C19DDD72,2010-02-13 00:00:00.000
91,iZtapf/QT3QU0/q1CUmOfqQHxCayw+IxNFDQFs7i9Fc=,Xix3Ejg=,408DE00A-3DED-45E2-B705-6CDBADB6B359,2010-01-05 00:00:00.000
92,73XZCRSxpxvxfm04pVFVu4/d5VaWQ5KiAGq2VZiKQvU=,EuWa0kM=,B34D6B24-6D2E-4795-B01D-FD8FCB767A80,2010-03-03 00:00:00.000
93,1vzEmyr3aFnV9x/LttpHfZq/P2Cv3ep8Y0WV9GkFGgE=,2CwiHz4=,017C93C5-4E3F-4CE8-879D-13AEDDE9DB13,2008-12-20 00:00:00.000
94,79uaNYalsobQV9ii+L7Qj7xMhpY+PyFxF9g79AJOQ54=,TzZacnk=,0B0E8CB4-FFA9-423E-8BCF-8FA2B06452D9,2008-12-05 00:00:00.000
95,tQRqYc+t8bLCZUMi+0Q2BBHDZoyPOcmE624QK1TfkII=,/LAscLY=,D5536B03-70B6-4466-A459-8DA0D40CF328,2008-12-12 00:00:00.000
96,dQMZUekBH73hOqaYRbQZCc7ObVmZd1WtZtZ9bgIrp/M=,pCHkzo0=,F0594F6E-86CA-49A9-82F8-5CCA6CFAF2BF,2009-02-23 00:00:00.000
97,D+tvr4PUKMFvJNDT1HCP91i7f7eDjQsref8BKYQQSrc=,gkiqvog=,29FA4C94-FCEE-41E8-808B-62CF45BEB5C7,2009-02-03 00:00:00.000
98,jWDkJrRsj+dj11G5aaOko0I7WwKTkKnn/w3W0Q0GdMc=,63z7wMU=,67F70A03-7C4D-4B62-9DF8-054F863AFFAB,2009-02-04 00:00:00.000
99,iL0+3+AHga7LYIPNFgtGjM00TODip/2pw0Jhc58eADc=,HrL7JoE=,536BBC7C-A36C-4BC7-A727-9F8EAF88F5F0,2008-12-30 00:00:00.000
100,sjRcCEbmF7NuIGeUn2CoRodBlM7zNXJ1r9LcQrdcAZA=,BIfsGWE=,3C475672-04DE-4AA4-8B01-28F1C1F112A3,2009-01-05 00:00:00.000
101,PEJHSC5hLjqLLFqL2ZBoOUt5nUb6TE3C7uiaK8UAZEg=,hj2SahQ=,B84A298F-14C3-4D50-B9E1-DE00DE083BAB,2009-01-18 00:00:00.000
102,V9uxRM7Mn9huuTbZvaxNSakpeTF4VuFUWeetmTCeJ4o=,0jDqfNU=,12064B29-C36A-4799-975A-4456AC00AFE2,2008-11-26 00:00:00.000
103,MLReQB5rVHcy6hyG1xEa3GhceMRC7Mug79J0xSVT5MU=,UnKA5CE=,D35D16E5-25DC-4121-9CA8-31679FBD061F,2009-11-29 00:00:00.000
104,m72QIo8JFdF0Uio6mzh67IlDflkzqKya9lw47JWvIAE=,8VfMNZw=,F8D72B7D-6422-4426-A4B4-5B5031586E10,2009-12-18 00:00:00.000
105,Z6GmPzslpiGqbO7H3ZTy0toS44XZwyneKfS9evABQXM=,XcYocWU=,31B74305-EA75-490E-A3EA-96E0EF87630A,2009-12-18 00:00:00.000
106,pNixtahlA90Yq90h5Rn7FKQybly0N5vuxbCtKoqudT4=,m6EK/I4=,353F7E22-00FB-4487-A892-A4BA95DEAA6B,2010-02-20 00:00:00.000
107,Qh0dVKGKQ151lC/OC99MdsBdUfns0nJ3jBjM/QKe4ys=,1VGanb4=,76CB6B91-909D-404C-BA33-7A41FCB186E3,2010-02-01 00:00:00.000
108,xQMwRVRc6x3A9m8+hDIR6+Rl19nd00eQt9ZCRs2XFo8=,teA3gdE=,CF641A08-7EB0-443F-A80D-A248C3B0D6F2,2008-12-01 00:00:00.000
109,JCeXjpjVxj9AEzWyOtt6yEg2ENO49Wj6ozjtUBxkZO0=,8xYWhbw=,EA37FB4C-522C-4188-8AB8-A8BED50E521C,2008-11-30 00:00:00.000
110,EJSxLP0JU1+y/Gz2BvWs899NdukRhRN3ITdVmKwNppo=,4wHqiMs=,87D82341-4A55-48C1-9373-25DD7C72CB3D,2008-12-07 00:00:00.000
111,9KhBifQDLnse3l3s3lT9jJR//06P/iLdBpsYU6pc1lc=,s+SdD9U=,F3EC52AF-6524-4711-9315-F64953301880,2008-12-10 00:00:00.000
112,BVtWU+5oEmFx1CpOkFN5Fl3IlpfQuKVVUIYh8YlMEW0=,0X9otEw=,56E0860D-ED44-449D-9E5F-12FC90471835,2008-12-25 00:00:00.000
113,yO6qOTJwe7dCf1uee/+OG07XBzw+ECfHruXE28S6wRE=,jt49ZvQ=,C7FCE262-660E-4208-966B-F1A58798C1C0,2008-12-18 00:00:00.000
114,IqXg0rCan60VrwxbXaujLRTinAeHmyl6e4OcZDwAcDw=,tKM+dK8=,66A807B7-B5D9-4A20-B34E-29DECA1FD1A7,2009-01-06 00:00:00.000
115,lVeWrYnErMzREvkFg7oeKzeHOgfMvEpc9MrkQG7wqV4=,hB7jmhk=,B6833CF4-ED99-4183-BDE7-E1AC815D43FE,2009-01-13 00:00:00.000
116,vPM+vHKX5Ong90puIMloOE8l1J8BOa0a2tcYc6xw0EA=,RAmZtLA=,154B7181-75D2-4CD7-B100-0F5CD5BB1DA7,2009-01-24 00:00:00.000
117,oPePXo63UyUU7ikOuZ8cKvJBziC5dBypDCND8ZtWD8Y=,QzpXND8=,46117CB6-3D95-42A4-BEFB-CD954283DAE9,2009-02-11 00:00:00.000
118,NyCJQuSW+/8FYGH9nePDdQKRNyJpNFhFtd0hUq2vZL0=,4Hy6B1g=,C3B4C47D-06FD-4AE7-A87E-D311E6595FE6,2009-02-06 00:00:00.000
119,CUsEeMY+Rr9z0Rx1WFKGoxzntJj5GF6HCdIVwDLNEp4=,H/6w2Ok=,A9C71E10-FD69-4320-AB76-0206907B2DDA,2009-02-18 00:00:00.000
120,hf1gCi+7lKC5z7gQPPxUQe9WRjGbScIpWSrCwetUTsc=,6rrT1/o=,E696CC7D-F5DC-4055-8D84-D33282A52A78,2009-02-25 00:00:00.000
121,nbiXRdZ1AeCw2bpqWe+Q8pCocAN2fuf2bf6+pKcXb0I=,pzAAVrU=,E2E063F3-0B5A-415C-9026-2CBB1C387959,2008-12-26 00:00:00.000
122,ZN8MGbeyuzDpZCzHTQPJCxj9uZ5f/qJLpbAFQHobpf8=,712eqOk=,9F1D5C58-7AC8-44D0-9129-8B5FF52CF413,2008-11-30 00:00:00.000
123,GMqHMINrUy2dGYygP+yxFcaLESP2dJYqn53Fqnc4LVQ=,vvhwntI=,425A2C44-E259-49F8-8D3A-F52413C1A220,2008-11-30 00:00:00.000
124,+VjdxFESErROmRQkb/z7zfADRHKgyWA1ZBmGI89+Gpo=,rJYW3u4=,45DEEFB6-D295-4F71-8A6E-84C68C9B55F6,2008-12-19 00:00:00.000
125,s4kqBqZ5uLnllvVg96/ZqjHBnVKoaKCFbYE6lqVX3Ag=,zUJvzGw=,B22F7CB2-4B58-40BA-B15B-209CCCEFF4CD,2009-01-13 00:00:00.000
126,kqOenOXvEVBSPEOLEQKCmK1dawLc0jtsa1hxDLxNdHA=,cx1pJx4=,6D54C1AD-6B4D-420B-9F41-3B581CBE35A0,2009-02-19 00:00:00.000
127,Nt3gfdJmDQLyzR8eEtOBY7qlNLbpjQpbZYUl7L1qR14=,icpMjSA=,A78B94A5-879F-4F61-80EB-82B74E450AA5,2008-12-27 00:00:00.000
128,vROEd3vy7UhDJa6+cmyw8WltnPnUw7gw4Eb11NYCP6w=,mKoSxEk=,8DDC7E18-3F34-4BD7-B42A-FBF0EFD2246C,2008-11-27 00:00:00.000
129,gMYFdCrFfOIFYjRPFgCmIrAgq3rU4gXepF2oXwnVevk=,VGUHtUk=,06D8AF4B-4CA3-4D5C-9B57-1A0DC9857FD3,2008-12-15 00:00:00.000
130,1LeSyOiFTCPNViYcC/nz1P8fRN4XCrJ238BeNWc1P/U=,YwsrqGo=,4814DF5F-DF30-451E-873F-74AEA97EC240,2009-02-06 00:00:00.000
131,KTZZ1gVRVtvd52bbGOyRh5GVST0LMPypJS3oeUJNInw=,d+cSM1c=,4D022ED7-6604-4D8B-8D1F-6FF91C1B2478,2009-02-08 00:00:00.000
132,CYSzMZKIcKjEGgPVsX+fWqhBoiUToO/yY4N7JTn5N5w=,HCbYQ8s=,83A2C136-8A43-48ED-95F5-4EFF0534757F,2009-02-15 00:00:00.000
133,HxCZsRgq2pZVhqW0EzubejckwvfVdWZDNc+8qN7zJxo=,on7Oen8=,166849DA-4A28-4156-8D92-7B4D793F8A63,2009-01-03 00:00:00.000
134,K6GTy7pUJ1Pakg7tuNqbg7YEl9oiUaoowo5bP5AMx+c=,uv4blOI=,2F3C673F-DCE1-4BF1-90D2-DFB06D81702D,2009-01-07 00:00:00.000
135,G/yGf1dUdJPbTmdfK4uzlguKEgvM0vjROn6O5+WW2WU=,jCyuCqU=,7B887EF6-582A-4B80-A9CC-47F318786BC2,2008-11-27 00:00:00.000
136,LSVb5TDKXQXqtInyOiTk7pOGVIp3Jk6EQGvay5Q7BSc=,+L4SX9Q=,1DEEA336-C979-419D-860D-C849122C5E30,2009-12-04 00:00:00.000
137,zt/sT17DvPDa/kfOr7nZ7kpaDXtl2EsISYLKlIbzaAg=,OmaopMM=,C96FDE66-3D57-44B6-86B0-32D9E8C148AC,2009-02-16 00:00:00.000
138,baDhUe5uSliO1QispvR7PazqBPhe2UM5xFvJYa9iAd4=,U5OYnlY=,71E1488D-E28B-48C8-8180-DCB59E368500,2009-01-28 00:00:00.000
139,W/eAME5TWBhUlQ52Ge0NnjZDkgMvs2/QotJ0f70P2pU=,bpuAjPE=,090312F7-79D1-46D6-BAB2-6961F5333602,2009-12-30 00:00:00.000
140,2u5E5B9OVe0NyB6SRbL4mcEXMpH28+5jvZzEc439Un4=,1EleEGU=,D01C35A1-DF01-4503-91AD-64248ECAF17D,2010-01-15 00:00:00.000
141,js2kPZJv8MYd97yEiCwxQTm/SGqnuTihRWgz/Y/xRzg=,B3ZPmaA=,FD139F81-691A-4AE3-BE97-B2E011E55088,2010-01-17 00:00:00.000
142,BXkaBK9SNwnmu8cn5ad3aG03VG9NisBSqEszPwICJ70=,k1hCRU8=,3D3D180A-CEF9-412E-8499-461F74423748,2010-02-25 00:00:00.000
143,mJ6O/00t0xK8qE6GM8nsGef8ExaTme1SngtKvQ00rb4=,I1gsQYw=,3517D26F-F0B1-455E-A4D0-51E82DB73745,2010-02-06 00:00:00.000
144,2yLJdl0PkScvT2RtafYxuh6qgcZXeDLnIlIk9Rr0ha4=,amKGWqo=,1130F492-5A99-43FC-9EC7-E2050A80AD78,2009-01-10 00:00:00.000
145,ElqXasVV3en0o5akdcY1lyoAcrKxRmgY9TnfcgWKdco=,unhuFK8=,4809A220-D161-4C69-9E71-ABDC166BD3D7,2009-01-20 00:00:00.000
146,OHTnyBvL8Z29tVGOT1/XKjVzsJCf9XezJf5TScu1fa0=,imcWYdY=,9A5A97CD-0B51-41CE-9737-74CAC347EDFC,2008-11-30 00:00:00.000
147,FQzR9QPY/J4afQRWHwNPpNwbCWI7/+8XiOI5dCONDhw=,scA8bjQ=,B39FA476-0D6C-46E1-AE2C-28F78A3CF9EA,2008-12-19 00:00:00.000
148,4bIyEiwA7pyN5TFy+gxT4eZ4RdFtSrbF3b08ptuFi9c=,O6ukN/0=,1D603717-23CE-4904-A28F-C25057C74502,2009-01-07 00:00:00.000
149,QROygmt2UVpD0Fd11a8sBoXipB/Gosap6D/WII9WYto=,aZQFxrY=,FEA8C4D1-2C76-4B9B-8762-2F8E96241A10,2009-01-24 00:00:00.000
150,35s+eIkHTareWQ5U1/7iQSDaRowcbuF+ExfkUPmiAYg=,0Oo/YTE=,87FF9B60-2D0B-44A5-9DD5-30AB51C7C6AC,2009-02-19 00:00:00.000
151,n6llkJC8qgxst/ULDKxdnNvh+ClbeiAEdVVSs3RnTIE=,L2ueFeE=,B9FB7F19-5E54-4814-80C0-5069A1910427,2009-02-12 00:00:00.000
152,/M4e9caCG6VB0g1FjtuQA6ijE0hiib0whZGOdMOS1cc=,K6mpQB8=,16D8663D-C23E-4A15-B218-93845FE98F01,2009-01-25 00:00:00.000
153,vFFMZNSpJ/gU+Op/H73TNKV+tdpjIzEQ1sMEsY1jLRg=,pnAsn/0=,80B0624E-C46D-4FD1-8785-537A35B4234C,2008-12-09 00:00:00.000
154,PMadJKvlw3sBBKJQYvJMtCEJG/sfjO0OCPliN2Viv4w=,8s8YL38=,AAE62D46-7924-48CC-8008-46A50A457E92,2008-12-16 00:00:00.000
155,Dfq8Fy4+7drFxzsn12aW6w0jTZXsAy3nrdT0B1tOBG0=,UWhCZ/8=,EEC575C0-8C4B-40D5-B97F-3B0028137513,2008-12-28 00:00:00.000
156,WFpsjGWE9k+2oy6M8tEULR2NuLw/oj8vrBNNMWb41Do=,BTcih6I=,1E185A0E-AF2E-43C8-92F1-1181C15D89EE,2009-01-04 00:00:00.000
157,wJzKJZFjpcLsLPB+LVSujpnifEaAcL50TaEFjHc9xA0=,T5Snuo4=,30CE026B-6CDA-429F-8F35-088965E1D29B,2009-01-27 00:00:00.000
158,ZOXIctU89fuV/k/Vtora8bEPOr2D4KYNqVGSiTc3Z9A=,tRFBQHI=,F60D9C2C-4A9C-4793-B5CB-0DFE03546A90,2009-02-28 00:00:00.000
159,vt44tT5HgN45ez/F3DM8QpiDbjzi2sSKyo5HYkDqhtQ=,woWZZJg=,D0AAC3BA-89C1-4015-8E6D-842AB78201A3,2009-02-09 00:00:00.000
160,Me2V13RdLvgiqnpv2f8zBjstzo4FaYOSetTmo/vUYvg=,UR4oBwE=,4B0F1E8D-48D9-4ADF-B3E9-A5FE0630A080,2009-01-14 00:00:00.000
161,Swxvt1qsM792HHFGvCqDBgiE8TbAVSuNH5bftUYN29E=,2LhWybk=,D0A46292-D02F-4A7D-8019-2B5CBB441D24,2008-12-08 00:00:00.000
162,g86Ol4ri36Rfr5OO5Fgel0lTOgH1QhDAr7uTxJ1+EEc=,s1IF0Jo=,F53C7C04-99A5-4883-9E30-D5EA91211B21,2008-12-27 00:00:00.000
163,d9dqvIGsmT9slizKCQaWTWfZ2KgEtoQmezRGWPjblOg=,Kkt285U=,3B9BC009-224B-4A2A-8ED9-A6CC428630B1,2009-02-01 00:00:00.000
164,rc62gkVeu7V6m7C5LKFxi1alG8aAMhWuDyXZMO0Cwp4=,2FSknCM=,7DBD0CBB-CA54-4D1D-8376-DA532E3300D8,2009-02-27 00:00:00.000
165,KlmKeYDdfL9yJ+f8HzUPnQE+Ky+z7ULxkowccAYuW2E=,Ri1c06U=,1604F2ED-3F0E-4680-BBB1-6E22B1D7B1B5,2009-01-15 00:00:00.000
166,Yhsktn6WesN1z1/poZBf7veq59WMyqi6XW8EJTtqwLA=,vvUQLHU=,8A21AA5A-1858-4BD9-BF70-21A9505D5797,2009-02-14 00:00:00.000
167,hQua0ajjwmzcIL3DvjQWvX6cjEYrfAPaPMxb+sv1obs=,A3581O4=,137E1537-CE89-40F8-94A5-399BC1DE0675,2008-11-25 00:00:00.000
168,T5t7zxkikTJ/j5LTy2ZPA8H2phgpKaek+UHfOlxnHgM=,CsAkxd0=,E16B485E-946F-49DB-B772-F5E38071D710,2008-11-30 00:00:00.000
169,WyrOLuyRSS6tTxKkeElraqCgguKJPtE7p2TY0MES3Us=,0Oo7lZs=,06A33AEB-5C20-4FB4-A422-F09BA56B32F1,2008-12-07 00:00:00.000
170,rW+RdW/k9/N7LvoYdo+j4aXz5ytANGn3sGzxBLVsQXM=,U84yysY=,DFB60CB2-D63F-4F36-84D5-DC1385A665F4,2008-12-14 00:00:00.000
171,iO6jV6/LyHtw13+0mctLAI1cRwPs6jDr/CpDI0VKXpk=,BqOlJZA=,7BDD658F-E35F-49ED-9F30-574A427828B8,2008-12-26 00:00:00.000
172,eavEd2BVX0qMdDmk73z5CRGi9FVt+D7krd4JSbG8P5I=,MTkNZB0=,232FFF49-D3F5-46E3-96C0-4E1C1477E91D,2009-01-09 00:00:00.000
173,w08Av3s9caHH+VpkwxndsnkoY5YiJbJ76ePOtb/R/w8=,3cLLR1E=,576C94DA-7A88-4BBE-B010-28488F1D041B,2009-01-14 00:00:00.000
174,7VU8vejBywIxI00bctr0ZkCISsNb1fdnvfnTrQf9qMM=,C3HBNCk=,419C4911-B3CA-45E3-AD56-C0508317DDC6,2009-01-20 00:00:00.000
175,Xbm60SPURDHQOR5myJ6bqPsdXvYnD/+8SUg1SMC9XqI=,wy9wvZc=,FED76BD4-214E-4C62-A09A-F824C65E5AE2,2009-01-26 00:00:00.000
176,Q8dnZ9UGNn0H8qIYtAFR6qM2Z+cL4GHcoGciqyIyowE=,845lcTU=,26C1A816-9D8C-4B17-8EED-4D20E206F375,2009-02-07 00:00:00.000
177,1v1n7RhHQgoAej1BCOcMFgiT8kLai4VfRhXKXED41BE=,MVknHjU=,C9441FD4-DC9A-4833-9C78-6726C80AEC6C,2009-02-14 00:00:00.000
178,FTowIRga2nqZZ32RjVZZyyM80LrMF6jLnlM4TAUUXO0=,AgTQ7yY=,5514F70D-B9EB-4714-B43A-9B637E524C4B,2009-02-24 00:00:00.000
179,B6L489/8CG3oKA/9yMG3uD08YCemaBu7m40bbP4l5ho=,kRSAkbo=,0274B417-4450-4F9B-A41C-41081514C753,2009-02-26 00:00:00.000
180,1AiD7uouq65nQzMzbI0W0If33Sm7i2Xd4uYk0tKJlv4=,qJnNmQM=,76E5CAD9-413F-49E4-BA7D-09BCCFD38FD7,2009-02-13 00:00:00.000
181,ZBRrECVLvKg5QliTMJqFrr0ZaEHStKop4Sa+bHHMzPk=,csJLYE0=,942EE950-6456-4C29-BE75-393C842B4319,2008-12-02 00:00:00.000
182,KmI2+JVY6p6DE7Eu64wlXVHuXEpLhYA3Uhm05di2jpA=,dCAZ/mI=,FB086832-AC27-46A6-80AC-212953E4FE3A,2008-12-21 00:00:00.000
183,B29Sg5PchNn88hfcwkVi+c+Kms3ITNjUF1N4sCSNQiU=,D2Itlhs=,6AF24A68-7105-4667-9F0A-8ABCE0C09707,2009-01-15 00:00:00.000
184,aryuzXTktme+k7TIhOfkRH/Or1C70EgfUYCISEZUg1k=,A2jILiI=,1BA46DEC-CC59-48DC-8E73-D0FCA59F384B,2009-02-02 00:00:00.000
185,8n2cvIu31H3adT8IQW3cnMFoagXlvNvtJWSkJTbrB2c=,NWnZVDI=,87377562-3D4C-4B47-882F-DA90921E5F20,2009-02-21 00:00:00.000
186,Z+hcTL1EZHz2xqfeduF0X4gd+dDPH/L92yCHyPWnGOI=,UmpoBs8=,38B3D260-8FFD-4A0A-AA68-2AE61A07C455,2009-02-01 00:00:00.000
187,9XdE4fk/k9naIqKSo4ojvVkDoM53uQM1wFd8Zh6XFa4=,clmgJE8=,65232D56-8D6E-4803-BC99-FF11F3165F4E,2008-12-02 00:00:00.000
188,mPPcn4ego0kg7M1djcyatoIjVgzmlmXLD5rcdrSSANY=,UGW3a2w=,D889921C-EEB5-4BD5-AFE7-329A9FC09469,2008-12-20 00:00:00.000
189,hh3KhfM+I3KZAnb+7o+FQSXbV0y4wN/GytSGXZvkJ+w=,EMNq1zM=,40B98281-7435-4B5F-B7E4-53BC3292826F,2009-01-08 00:00:00.000
190,Cc4rcaryHP/J+jROJk9H503vQ+kRxQfTpt8DNY+wQSs=,w6ruk0Q=,BCC8FF96-09E6-42CB-915D-61467F3E243D,2009-01-26 00:00:00.000
191,5j9ydTGEb76NPn9sskpW9MsXNNyvhBq14nT5urO1xr4=,J+9YQPI=,20F89C31-DFF0-4B29-A33D-62792FC3C7C7,2009-02-19 00:00:00.000
192,ucBzElOCu4/vBOQI7SVxwEikB4aKwK55O0H5ozgQ7gQ=,CO3g6ko=,7B0AE93A-EE24-4423-AC9D-A0CC3EC7787F,2009-02-26 00:00:00.000
193,5Pcl/OrJip4XjxK++/1lfd2ors+2g/xjIZw7JPEoL6s=,hntHe5o=,2134DB6E-7919-4535-92AA-4502FE3C7EE6,2008-11-29 00:00:00.000
194,r+6OVcAHB/AMxcMw4jATwUad1vOdKo9AWQSJH3vCo+o=,OifqX1Y=,668786C3-07D4-40A8-AEEF-A216155B2A12,2008-12-05 00:00:00.000
195,k/FTexJbe32PjXYm93yMJT2msOim32cEVZo91vaD1Lo=,7bRycTI=,E5E0F041-C896-4C4B-BD82-8D60782ED890,2008-12-10 00:00:00.000
196,OSvyCkuexJroxsojc6gsJXBVESeu7cJr4XFUlm8cD14=,S81XbEs=,9D048130-8D2D-4E17-81CC-F9424832F2F1,2008-12-17 00:00:00.000
197,DBmYdFVFg9yMYFEwL/RHxPqYszWovTmHXXdiVNaK0R0=,f9QemtE=,04837A36-4DCF-4D87-B809-C80BA44232AF,2008-12-24 00:00:00.000
198,lJ5xiQ9KsvwD1kmk/ZoRrt/6ST9r3K1oLTEeLQR/uiU=,eDeKtTM=,57DB53C4-B8FD-4324-91F3-B7EE4890E2B2,2008-12-28 00:00:00.000
199,OqgHIYbsDWPnrTaPGUP+GrgCUCJq7IwTIezs8yrTBEA=,9Md5fUU=,3A0A3EB7-E10B-4464-B02E-DA141A7D0C93,2009-01-05 00:00:00.000
200,WzbhfvClvffQCJTr0MZ+JOh+NuEv3Aq2X5PFsMsYJvs=,dr4x2Kg=,2E8FC64A-9D22-4788-88A0-6A6B70DE49B5,2009-01-10 00:00:00.000
201,nmOFdZ6yEYDXW44bpi/0XR/0TW/fne0Tm9Nw3JFRrSw=,IfyMq/g=,D3F88F99-8107-4655-A73E-9424A28D08F1,2009-01-22 00:00:00.000
202,hmHFJiXJ9nMGD+lYIK0shTDnwghoSppi/dDhoogljnA=,/TCLKng=,A5936D1E-BE3C-408E-A803-60708B424417,2009-01-29 00:00:00.000
203,w7skYY+gblk3Z4ij1UxOJhyOK+agaYcmcnEMiJFFJnc=,LJ0I1ew=,19CBFD3A-E121-4E28-B9B7-BD439A50D232,2009-02-17 00:00:00.000
204,NheW5BgUcLfLZXr5Epi0CNhWYJ4KzjIqsxRIU8z4PDM=,/4FFfp0=,E132A4F0-AECB-4869-806A-E67D34B6E7BF,2009-03-01 00:00:00.000
205,Y+v2Qh7twDt8ogihI+ydkb2J0j+fjyQ1B2AO0Tdkuyw=,soz+sBs=,8DD144FC-1F66-4E27-8327-DBE00338DFB2,2009-02-19 00:00:00.000
206,zKKyhtGv9T3BJtzVruTovUdxGoiwgU/aktbyB4TPDII=,t55EytA=,D7BF7EA8-5DA1-4E89-B222-B1D2334C739E,2008-11-25 00:00:00.000
207,tMkYemeKeDVABDgNXvW3Fdjm7AqX/15s3tAUYtCbcsA=,hXWiYzM=,52220182-A25C-4A20-8DBF-4EFEAA26A8C5,2008-11-25 00:00:00.000
208,KUW2p1yBNl0sjUesoklsp6oxu+0aVAboyyTHXX5jb4E=,J4QF3zQ=,2235CA48-1E93-48B4-8E08-AC0C77204550,2009-01-01 00:00:00.000
209,d38WJQP4LN2cZBe8qwGXBvAtX3OnftfgC3LGzrEKV9I=,K7KJQn8=,8DB06BAB-D1E5-40F3-A814-3966B250DD06,2009-01-20 00:00:00.000
210,dJu8fbhfI3J6k+TsuQv1lurkw3J+qUcQnHnrsb2sxtM=,/81mTdQ=,F1EB0E08-A8B6-4DDD-842D-E0D5E601FFD0,2009-02-13 00:00:00.000
211,6OUuduAA4r4KkOulbBskzHv2CbzYG2pWJlMGqt92siw=,ItRhrFs=,2C3A4FAE-BE3A-4D1E-8A9D-F96CF97D9A6E,2009-02-21 00:00:00.000
212,/Wj/y7I1tWP63KfYJWuW3hWUmN29gcAuYGF9aQXno1U=,r0JRq8s=,29180E99-A1C1-4FC8-9A2F-0B14A81591EB,2008-12-02 00:00:00.000
213,3hF+7k2nIJAzkyM59RMOmp8Odxyxc+lWe84Mcfq/pO4=,0FqNoMk=,22882771-78B0-46DF-A661-DD570AC400BD,2010-02-16 00:00:00.000
214,IyF/gbxc8gYtU/s9QZdlUvp4HQKYcipgLqo1rUQvxuA=,sN4Tqxo=,B9BA7D99-28F0-40DF-8E50-CB054B4FCB5F,2009-01-26 00:00:00.000
215,s9jHdvLvU4pfuNqx13eQD6I3D0OxE96tjEOTbm6xWEA=,ce6PU2Y=,06874BAE-4E66-42FE-9E41-AE7EF5E76CE2,2009-01-08 00:00:00.000
216,AluZhUPFM8WmM5f0zExTO0QgXxQAVkc7ngfV4N5y5Bw=,M5xs6QE=,3CA20788-00DE-492D-8792-154CA5CBF4A6,2008-12-21 00:00:00.000
217,ia/gsE6FOu54lJTPjAdqxXEEHzQXEoEs5LdMu6PBHDY=,T6WvsVA=,28827F02-223C-4E58-89C6-101D59083629,2008-12-28 00:00:00.000
218,Bkv8SkWBXlrglZFkgqM3575txuLcIXnPE3N/3H0GoEg=,wRWV++I=,246F6042-82F4-46BD-BE77-A24DB5D2C5E0,2008-12-09 00:00:00.000
219,IHqtDJwPDUVtAa2Qy6vlnni0CbZqfNfI8fPQxbgE9xI=,FEmwa/8=,7B10421C-6B46-4CA3-983E-3926EA4A2AE3,2009-01-15 00:00:00.000
220,DjZ4roD7nHFSkjjxwoIEDVkHZQkNAVk/p0ttOJ4bRzE=,xyAAGaI=,77F73319-E5ED-4B1A-980A-FB541675E87D,2009-02-02 00:00:00.000
221,DFSEDLoy3em1I9u2sCL3/Ip5eIzuqRuqxjhQcTF79pU=,5nzaMoQ=,FCB2478D-5C16-4991-9BB6-6C8F0D072607,2009-02-27 00:00:00.000
222,2AereYxIw5e80L1SDA11StXtSzcU/jiabQgfpyPwEqg=,M/O6Ub4=,0FC4AE4C-C707-454B-99B1-A17306268F55,2008-12-05 00:00:00.000
223,iYebHnazuyAIZ7Ae6gp+E7VWWToGOPOspQ2Mc/QVK5g=,uLcheJU=,12309219-995A-4C68-83C0-D0208A30C7EB,2009-01-19 00:00:00.000
224,2wo+QYPT0fAj2IZdT70cy82g3pYVMam03EZj9shLrKI=,YXN9rBk=,0030FFE3-5F1E-4ED3-BC43-5FC27FB0B7EA,2008-12-31 00:00:00.000
225,jn4FnE9mvjrxW7rtOzNmpI2B54n0GfDDy8VToYiBgAY=,ffdON48=,BAFF916C-0B00-4052-959E-0DC9A6CC2EDE,2009-02-06 00:00:00.000
226,Bd1i5LBCpLK+IWroX5y28mBwX2tyUnvvkQ4cx1jSYyg=,UV4OFJM=,81540DE2-80B8-4C6B-AA4F-9A7D3B299A0D,2009-02-24 00:00:00.000
227,4ExWz56P4VFGOV/uEGD7Eyicqdvt1VZJuYiiaV3WxSI=,VpQHIA4=,AE101F3A-C0BE-48CA-A80F-5B8ACB50243E,2009-11-25 00:00:00.000
228,0MmpxnU42TkL4ejK7re0eN6DnlP0k38IlphUJOlfVUY=,pcH+gtw=,0564ABDA-4BA0-471B-BC70-8DF9C79F000F,2008-12-07 00:00:00.000
229,gaFUUiKCdTiXw04Yaj2A6iRh7G/Q8N2eoKQUdgaV65U=,emrZlS0=,B8704D98-96F6-44D1-ACB6-61370D45DE7A,2010-02-09 00:00:00.000
230,VYK582K/GEwQP3n8HKXmXoQeewY3prpvKxNuPDxOvag=,3Fhazes=,C1E4E59E-95D8-442E-8188-0CF7827B34FD,2010-02-26 00:00:00.000
231,n4Ud9FnxOQIroMdcf79HNl4z3tiZ/RBi2bzPpfTrQUU=,PUQ+Hro=,10D7000D-DFF0-4FB8-9FB3-34B269975CE8,2010-02-28 00:00:00.000
232,AxHMfeI+AGgLG+NO6yXAsAN8kx1JCXhWjiwH+0ZbOcc=,IAu3JF8=,7A1681C5-40BD-4945-B800-2514FB014FA7,2010-01-20 00:00:00.000
233,c/JmO8SO4cYXfaffj0M51FzH4pMBplpWxTF7M3IcvRs=,ZNdY9uA=,CF1A87A6-9B49-4311-AD06-FBE5E0CADD70,2009-12-14 00:00:00.000
234,lhhu8jmUXTitDLjWfaJiL3DG5UtKOYKCwkQax/p+IGQ=,YhIM5VI=,BA310C10-6D31-4737-9BF3-007D8F543630,2009-01-24 00:00:00.000
235,lJvjMw5oVeKv9XwBJptcCToAXDoWsDJFhq0Rnkay8w4=,bIgqb50=,8D348AA1-8B29-4BA2-BA13-4EF4511B6155,2008-11-29 00:00:00.000
236,0JWLx6fDsMObOIZuVOBZvC+TU8HaqtyrFc/+Z2P4gnA=,c4BpMM8=,7D2FD74B-A33F-445F-BDC3-E035C5ACCF95,2009-02-18 00:00:00.000
237,EkuZSgOlOSe8QSnyggHVhdofHnWGi+Cpk04yzDgnhC8=,s6iiS9c=,C3A49298-AD7E-41F9-BBCB-CD757D9E254E,2009-01-30 00:00:00.000
238,IoPoYEIgbALigOiqdor6XJpdfId43tqwncEH6yFSHsM=,7zr/5O0=,96965627-F5D1-4553-AF24-5FD90FA259C2,2008-12-25 00:00:00.000
239,oMVBqIOBFTIS+WPOsOKncadIdnFVDd5ERE4SU/lLtAU=,XrfukwM=,13C5F1B9-EE02-4E33-9280-DB48A51ADA55,2008-12-18 00:00:00.000
240,OweYiwGsWquz8DOVeWBuJaDQiaB5XmkPucQ5oMpcwtM=,YpPPVUo=,FE102898-37B9-431F-BE7C-C5615B8A8369,2008-12-06 00:00:00.000
241,eJAn5NPsaoeq7ELCwPD076VJvajr9YuZ8m/PxvJXnz8=,GECcrTg=,2FE74D58-8D3B-48B9-AD52-F4F0361498E2,2009-01-23 00:00:00.000
242,rOt2UIFUZAv7loiP82NqrhuNy2K3TW8Vxj04JWioRMM=,rWdLV3U=,A3BCC9B2-096E-41F5-A22F-6CAB0BD7CB0B,2008-12-11 00:00:00.000
243,PPZSixe+iLZMx9sxVqVcroK6Bmtuv+/CMLZK1Hmr7TI=,O/xFvXY=,448A619B-27DE-4E6B-B7B3-85D5CD12A0F2,2008-12-30 00:00:00.000
244,itLddnqjSFSU5FUgwHOy+At2hCgwhh0PgBUsKkuV9jM=,qSkDePk=,BE6D29B7-430A-4CAB-89AB-D8E590AA3B9E,2009-01-17 00:00:00.000
245,PXW4YtOTAX3WNRhk0zsFxOTLrRL82u8stjSHxzazZ0k=,OZ7+AlQ=,A44D7513-F8F6-4A0C-8D0E-B4119836D104,2009-02-11 00:00:00.000
246,uEKOYiwoMzhr/9YMZo5Ig+rRjG0VvQxVpRZRQowNLbY=,2aGy2Lc=,FEE21EC7-1A50-4E39-8553-C66687EC231A,2009-02-04 00:00:00.000
247,W1BWKSHV+vrfIFrwYSvyrScYFvgSrw7a2zwKMqLD/8k=,qlxZy6c=,E1ED96D0-980D-495F-AB3B-FFAF8B8CA6B2,2009-02-22 00:00:00.000
248,dalTM0fNpS/UN8WCo2ggRo+A3Pzb0LyFWnSpF+TFAoQ=,e7I7toM=,C702168A-B504-41A9-8425-1041E6D8C60D,2009-03-01 00:00:00.000
249,OlVIi74wWTg9RjdG6dvHWhU7OKQDc/vhz5vXzHMxJW4=,8IhfY9w=,2C3C115A-A46E-418C-A9BA-1D692A35DAC4,2008-12-18 00:00:00.000
250,BsYHoD5lfQ3naL5zru5cdExPwbQjJa2hfliAD9edVvg=,bPAWZHI=,16E56260-E355-4A25-839C-D05B38B9B65F,2011-02-18 00:00:00.000
251,S9Xt3ETH4sXfVBcoYLq76GQ+nmHmPY+NXt9eUtqmVe0=,RoNMNqw=,C533F298-8443-420B-B2C4-5B6965477173,2009-02-03 00:00:00.000
252,vagZJ8BbQ3OBYPc3mgXLVvpgmu11yylCsDP98ix95Vs=,/daV8ww=,6CA0E589-0C2F-4811-B5FE-5E410FA32409,2009-02-21 00:00:00.000
253,eTeWWJuItqujULymPhfx56dTaPObN1TKr4hP0G1Kyg0=,ruq5QWg=,C6EFD08E-5D3C-49FA-8FA1-3C0C6049C37B,2009-12-10 00:00:00.000
254,rrq3zjgoTimctLGIJutbUkY33I92CeJ2Qq19mQxsipI=,YrbZ0Ls=,40FD7B9D-C5EA-4145-AFCF-74F7C5E4A2BC,2009-12-28 00:00:00.000
255,QZH1e1Q4RTGe2iixxAUhyWIsd8Lu5IteMG8j3Dd9iWk=,JWIQKGE=,42449C94-F137-4A7B-A300-960FC74C9EA8,2010-01-04 00:00:00.000
256,6NGYclg75wQQ6gmYAOnVZVX2NmL7wGZvwXH7yiMy4XE=,JIoooI0=,C424EC5D-B761-41B2-9225-7DB75FF5D67B,2010-01-16 00:00:00.000
257,OOEPairjC7ZmfK8BvDMg38WZ7Z7L0/48MR3T8rYflwk=,LhglBeg=,48490115-DE51-458B-9B2F-D21D62EE652A,2010-01-20 00:00:00.000
258,GWSD72qK6OxDHG7R1uSKMrGB7taH2bpmb6UYdviOeE8=,kzBNF/Q=,AA679428-2735-4ED6-B955-95B3619B3704,2010-01-24 00:00:00.000
259,hxeH1J2lBupVOz5+n1nXSoh16/cHLeow9oua9YeLxtY=,Lf6HKio=,8BFBF526-F282-45F8-A27E-C254F147DA29,2010-03-02 00:00:00.000
260,gMxe9GDfw6TSRdX+tg1trYp1jzcrppRijyqo9EK1oGM=,2uGZCGU=,6AF58C26-813F-47CF-AFDF-DD505E2E38C4,2010-11-29 00:00:00.000
261,/DJaNYZwS1xpfhjXcfQqvtbLNaSqr1pCrDHi1U7NqjY=,di7XejE=,2C430625-9322-4B44-9846-0EE6BA074817,2010-12-18 00:00:00.000
262,QwrGRJCXx/OQasVb20Zxgc4beCBnQO00AFfvnJN0BOM=,TOaGK4w=,DC440368-9433-4138-862F-388EBEDFB565,2009-01-05 00:00:00.000
263,1ItzcT0ArqUBNyqvxEmnmf6eYwvv2rODTK91RzB+IwU=,1pA38QU=,53ECC3B3-F7D3-4D48-803C-7C8F17F0C686,2008-12-04 00:00:00.000
264,m06nTFEeD389S7Dy6KCGaRng3pAywfDChVNN+Go2+rw=,TqPeL4U=,546A4CA5-6B6A-416B-BC39-A0FBD72AD253,2009-01-28 00:00:00.000
265,8Av3lYNdR7oHt9mZmFK02qJue61MTdsqxt8dNfL9f0Q=,KQ1WAR8=,F8F333D7-F8CB-42F9-B0CF-DA21F785136A,2008-11-27 00:00:00.000
266,Idz++HmWmakS63qlRU8Xa+1KANKh/V7BGsDt+HEsbeQ=,qe0IcAw=,E0CEF791-0B1D-4706-8ACB-CEC0C3049DC9,2009-02-16 00:00:00.000
267,WEEyXFyKdwIl8QAIgKoduqWZCauRAd18OsYpu6Fb80A=,LG+NEgw=,47A4C82A-D903-4E75-826B-44CC93D41998,2009-02-09 00:00:00.000
268,maD7N/nYkoyHio4mcqghSTf6iQAbEIbPrCAnWeYMFzA=,Xp0rPqg=,B9ED55F5-C26D-486B-A783-95AD7B34CD63,2009-01-27 00:00:00.000
269,2PTEctsHpWsL3yMJR/D5iPeUZMnBUpGsfE3o+AdU1v0=,k61UBC8=,EFA794EA-6689-4282-BE21-CCF9EAAA6F9F,2009-01-04 00:00:00.000
270,ZtwzbLInTm7nQEOQQ9dQ5ABYWyuFhPn8FU9pEh5M250=,9ULCmsY=,AEA9AB4E-B632-4E19-A8F7-08613ADB2E81,2009-01-10 00:00:00.000
271,PAHop5c1Zpjsl4vYzhNqCresB19z+eX7d0cws5XOJ4Q=,JDqML+s=,51D082B4-E0F8-4169-BE90-75E508CCB78E,2009-01-15 00:00:00.000
272,9X87Z2T81fDPZ/mXSzESiiaaakrTkTweAbtfsyCvNnY=,iVyDz3I=,D5780C34-DD2B-4E14-880B-D6AC3D58D57D,2008-12-16 00:00:00.000
273,RfN77k6b4NXef5O9wWgH6o9sbljEvqeYVXh40DxWUbs=,R/NaZ8Y=,7B8C0559-5C9F-4E5B-81A5-A0ECD81F1A4B,2011-02-08 00:00:00.000
274,YjA0dTT3Zbjzv3sb1S1Pd8nHA6KnwV9/HfUuGluESzE=,papVOlo=,70A25C5C-AF46-49F0-8334-3A7CB09DDB0C,2010-12-28 00:00:00.000
275,zEujfN11GJyDTrvefPxl5VOHfWHLjC/38+xTadg6HjY=,unwyCMc=,CD33F7EC-3E51-4079-A2D4-AF5F3EB19AEF,2011-05-24 00:00:00.000
276,tbVvXfh/qs8kyfRPKvp+HH3Df7s31TaK52WgtfxVmKY=,9NVwIeQ=,2B2643E7-F669-42C8-89FB-5646EECDEF32,2011-05-24 00:00:00.000
277,bU4hEhPgO7kS+j4Wn+rM60HjpE/4WMUUZvN8z3+CEYs=,rabuAZU=,847D4D1A-F7A8-433E-A1C1-30C741223259,2011-05-24 00:00:00.000
278,fNwcaDNepJv0/R+Uyza8EWKx32zOSY8sUq4gz64A/hg=,VSnBytA=,B8E40FB0-38E2-4B8B-BE72-683210CA0EE6,2011-05-24 00:00:00.000
279,9cX1gOvRo4wxyjy3Y91wk+bvZPLqVYfY1efpAlkfIdE=,uHwQ87M=,C3EB5A79-94FC-4E42-A481-128D8218C720,2011-05-24 00:00:00.000
280,TK7juJPV0PoajVXEXJ8cR95OASahBkqs+PkARzKb+J0=,dVdLDqo=,AD90D7F1-8445-4C43-A734-729B0734A43F,2011-05-24 00:00:00.000
281,tqFP3WNVp2aiHH+VdvjvRz8qE4/BxxxgF3sIMEXdoPg=,QVhYVD0=,F8FD322F-4E36-4086-8C0E-15C516EE1A6C,2011-05-24 00:00:00.000
282,zEwg7LXWcOkQM5Lj84pvtsEiNtfeAYhv/EA6BXfJmAU=,n4SBqlg=,6DA9895E-AA63-4650-85B9-826F1B2D960C,2011-05-24 00:00:00.000
283,o3NcJDHMA4hv2acB1wKP6dIitp1TKyCqcMvzOFX16go=,ltsWzNg=,8CB89342-C77C-4929-BBAE-D1CA370CF45C,2011-05-24 00:00:00.000
284,XC8/ktThyaZiVLVoc85JaACOM3HY0OVdeqYiaftdHNI=,LgQiEQo=,699E6221-E5F1-454B-8A07-6EA385EAF390,2012-09-23 00:00:00.000
285,x62ugnRF3meCWKvtl0uZETETq94Ed1cy2IlkOzeclGk=,exVxghg=,54D2C73A-C1D9-4143-AED9-E2A0A959825E,2013-03-07 00:00:00.000
286,Y3W0xPWsd7xcVa9sI5WuVdQxCgdG9xCiSUzO5NsaE1A=,RvC5Ejk=,51525659-6D5D-46C4-A478-1894093AE77D,2013-05-23 00:00:00.000
287,PO+MCFKaaFupLGe8sQMfotE39AQzWvuIjc/tlOrtg7Y=,NQQU7Ks=,021EF9FB-4D7C-4588-AD61-AD8D60252073,2012-04-09 00:00:00.000
288,WMJhvx+ASYHPLW2T4Upf0LtOg+BMH9blgOYVnAFWc2I=,Ou8s3pI=,0C996A1B-00F0-4DF5-8824-632F3ADDC57E,2013-05-23 00:00:00.000
289,y1nhCC8JbctsIcg/JM2z7Z/WU50gzrvnHDSHlls2k8Q=,HXRX5M0=,0B84F693-C823-42FD-A640-C037B8BD188D,2012-05-23 00:00:00.000
290,oS0mUII/dsmhfA+QtMS0y/3U3wy9w2ZwJGTaJyY8jF8=,2uApclI=,E1D4C0C5-908D-4794-9FBA-F6F24495BEFE,2012-05-23 00:00:00.000
291,GylyRwiKnyNPKbC1r4FSqA5YN9shIgsNik5ADyqStZc=,TVGHbhY=,65B5BB11-466B-46F2-8E2C-6BFFD5185299,2015-04-15 16:33:33.060
293,zh3goJUbYsPv92k4bVZuJtlLHwuvpQtu6uNcjkKSdF8=,rpyd5Tw=,674933F4-15EC-4133-8924-1E21D7FD6AAF,2015-04-15 16:33:33.077
295,4I8349R6c33cK+j1ef3dZt0JHOQ9MV7OvEXpCbwhQrQ=,rrgbG/U=,2F08564E-0DEA-4525-B01D-3B53C9F4F5D9,2015-04-15 16:33:33.077
297,mvPHEF6EsbxXtC2E/oMjbwHUkLzZ36rOGbhK16lu30g=,F5qyyxs=,9560D669-D780-4047-A100-AE09508A4753,2015-04-15 16:33:33.090
299,cql0lRWe1D/voQgg+XSLgdjSKgHBuM1DonTpX9ru0x8=,/RPjvXw=,5C6552DC-C0A7-4959-BD36-EC1B87007B1B,2015-04-15 16:33:33.090
301,bmEI+phqLCE2jKmotM8SBAICQD2IvZEmy8X0LmUpMaw=,jA7oD80=,D4C60F05-1712-4793-A995-397A7C621A71,2015-04-15 16:33:33.090
303,3cd7qJyW8ZTgRdwOO9nLYDZg2EM6lehJe/nqKlKKcPY=,i2U3DxA=,5B585FF9-C7A5-4B91-AACB-216F47509EF4,2015-04-15 16:33:33.107
305,BGtck5Z0HKYV7itEziPeWv3q5tbXMBxL7FZvbfhvITM=,Qck1Nwg=,B03C0538-58F3-4E95-8CC9-7EB026486E4F,2015-04-15 16:33:33.107
307,jCFDuqUMHmknfadTRSkMvN0IDObtE/GslvN9q2Wa5xU=,117fxZM=,ECC89EB7-DEAA-437D-A8E0-725EE2EEA860,2015-04-15 16:33:33.123
309,YmeWmxJE2oDSQKdiBOxrlEB76ejPI+UjMfientepsO0=,AFWNDMw=,4D49758D-E0E5-4517-9C7A-560A6BBB4308,2015-04-15 16:33:33.123
311,jt9vdIyi0zI03wECUFk1hdZLTVOqN09/Fdogi+cTeQU=,uFYBREA=,F34C6F53-99D5-4416-A309-2063C701C00B,2011-08-01 00:00:00.000
313,zdNdAKMA6FwuVaMQ6nco3rAYssblA2H+oUHeK4fPlvo=,riLrG1Y=,09B4F3B9-5F8D-4C86-A565-3D2BAF32CDA1,2013-06-30 00:00:00.000
315,d35zXrfhsEHK6QrH/B7ipKUuuilEpY8u8rIunip5YWI=,r/UyVHY=,BFA5F58B-7B04-4620-94F4-DBB831496A7E,2013-07-31 00:00:00.000
317,Li26cq1s3a+0YJcgjemlepj98r5eUwJlyHGmDJnSCWI=,NVfuzjo=,DD4717DF-2AB8-4062-8BA5-0B0F3728E746,2011-05-31 00:00:00.000
319,fKGgrVmuWixk1QtGjpnGRFRO3iawfVe/Bnv1SSE63sU=,FUNvHkA=,7A007354-B3F0-43D9-B155-B5CDAC34003D,2011-08-01 00:00:00.000
321,RR/wKQD7U1XPLe8KpXneYCxhQWdhcrQfJsB25snqdY4=,OjPxQM8=,D6051331-19A7-4AE8-8D67-5F741440BB8B,2012-07-31 00:00:00.000
323,dNz/EQlgVlbj0uOpI0Y8Rh+/GFUH1HvBLJJ4pqdSDTE=,yvdbcxM=,8F448E24-1575-4541-B741-1D430C75DF83,2012-07-31 00:00:00.000
325,6Hwr3vf9bo8CYMDbLuUt78TXCr182Vf8Zf0+uil0ANw=,SPfSr+w=,535F2166-12E6-471C-B421-91ECF105FD1F,2012-05-30 00:00:00.000
327,ZhYaX5VWUKhiFMKtGiQ0rD2kB0/X2UvNy5xp2SevWWQ=,jGgKKZ4=,A55FF722-4C2C-44F9-A2EF-327F7AC632C2,2013-07-31 00:00:00.000
329,UxlXfO/0JyTpelLFzbqFj9Ie1Rv1OJKPd6Cnm1itSsU=,IZ5yIjI=,DE2EBAA3-2CC8-48E2-8153-DE2E2D8B43A8,2013-05-30 00:00:00.000
331,tEgc21LcZ3r2OP2nJIkrbmo2fXvbIC9npM6uzG1osbY=,IlDduMc=,33E2A423-3A5B-4E69-B9C3-15D39616FC42,2012-06-30 00:00:00.000
333,G8uItCX4o698WyJ4fFwiZrtfaMJ9E8+o9lMaqgIHkG8=,79cZBYg=,7EF7A1A4-D465-46E5-9617-30028A3B4047,2011-08-01 00:00:00.000
335,bA9fPVXpV/0NMRuGiY+zju3+/lcB2r9uBk68dG22Ddk=,M5BkDDQ=,5F7E485F-7515-4231-90DA-8AB635EA6FDB,2013-03-30 00:00:00.000
337,T/ASZdvX90M9kM1P5+sGBNxwkhLxF94/vJejQ6pjLiY=,jKAQI7c=,406B7CDE-4F52-4D5E-937A-DF457F550018,2013-06-30 00:00:00.000
339,hhrVYP8/ruRUcPqjh4kGEAe/JkIpQJZy5wlLJip7Fwc=,wPWaUHY=,213A9671-DD93-4D59-8B34-4474417A80E3,2011-07-01 00:00:00.000
341,fJ1UEyRel4bt2DuzHtDUPBU44ZALMsfyxQQviNGARf8=,7wNTdi8=,C26FD450-F50C-42D1-BC84-EC474F782BE4,2011-10-31 00:00:00.000
343,fWRjTbGhz1tUW6kW9j0kBy477itjam3L5U1qF4zpA+w=,aMj4lF0=,586715F9-86C3-44B3-8E98-122FBFD2BD57,2011-07-01 00:00:00.000
345,steY9ge/f3jz0DNlVhxkdUx1NrciPQzyUpvtGCcoYBo=,KUNCNjU=,9DE7687D-3B94-4B13-8C75-A8F06E004517,2011-07-01 00:00:00.000
347,P1Osji8Ez9uYQCzuZXjnutazXvhAlWDRLjCcTcJb/Ug=,CGYtmQ4=,73E623E5-C6AE-488F-B294-3CF0CF0E1879,2011-07-01 00:00:00.000
349,3Kd/6uMmoDWq1jPQRwrfb4BAiAnY3/0s20yEgm/tR/A=,j4sMOnw=,2F014975-3A2C-437C-88DF-94B043623FAB,2013-07-31 00:00:00.000
351,5KvBANTQmRX1lXOuS4kdDS4dO1M0G7sKzDxPEnGl1fw=,u6nqGto=,FCD60D63-680A-4B0D-8CCC-AB62D59BC30C,2012-06-30 00:00:00.000
353,LuIlcBx7rZwzK0+raCQgbXHK38jz9w9JAsmhC5U9qzY=,Bn1K1fs=,894CA436-E006-42CF-8401-178A731C53F6,2013-07-31 00:00:00.000
355,8/5CuOyL4qEu4tD2KEd4x1h5OahPfcmZg9L7+F0ATDI=,qoGU2YA=,B6AE0183-3353-4D3D-84EC-4FB3669841D3,2011-07-01 00:00:00.000
357,eVxHmdVkQkUbcxwbmTAtZDKfu25QFT4ZQMgosb72PPM=,UiqgMlU=,B28C7F35-B91C-4E13-B357-515ACE0DE417,2013-06-30 00:00:00.000
359,CkSWR0RMQArXpZJnpZgCnzSPuw3PUh/1jTmWPcrjYyM=,7xa5oqo=,05C8156E-09A4-4B45-8771-7738462778E5,2013-06-30 00:00:00.000
361,0Y8/DCyIKGP2miG1VM/OFQMU8nqXDFiYxcMyRUxkPzs=,jEYo+UA=,29D11DC9-A6C0-4FC6-AF4D-BAF00CFC0D6A,2011-08-01 00:00:00.000
363,4UgFeFZCZejEkMItRXiuLZcmipGQZUssA9TLkTE2Kys=,gUJ1sUc=,71CD4C1B-9C73-4FCB-87C8-747597DCCE12,2013-06-30 00:00:00.000
365,Us2RaG80sPhuh3KBedj2WRXJtz6Ae8wMBHU5gB3bosU=,JGXMX6Y=,319776C1-31CE-4860-89B6-8783D5A9DD7E,2012-05-30 00:00:00.000
367,WonAzK7XRDoFn66D6qVMzma60dA96LHtk2lz7a28mI4=,0lp7vWg=,DE30B32D-C00E-4628-9331-58D6DE34A5A1,2011-07-01 00:00:00.000
369,8ml/xroz0hroeUDl/KW2y2QlIIgHgygotLw0Md60cBY=,hXYQBis=,096A56EC-7C5E-477C-B65C-D63EC73B2ADB,2011-07-01 00:00:00.000
371,AJwPH2IQhCHW77xtUnJh0G0EXqA11PsPLRRuSQK+K9U=,ZXH0EUg=,1354D5A0-04C5-4EC4-A783-CEA98601581D,2011-07-01 00:00:00.000
373,wGKQ72A4aSsDe2tQKUY1T1o0i/AO69PqKcMSFIponoQ=,3VRtZxg=,4118816E-D815-428A-81E8-1A03BB22E98A,2013-06-30 00:00:00.000
375,t+VbX7JvYz3GISo+HPpubYQr00RQKJLNqOx1dQdMKCc=,bwG1Wck=,697EB3BB-31E1-4465-8E0B-6C526A777461,2011-08-01 00:00:00.000
377,q4T8DqaUNalhrSxueuzHofPXFcE82DbDL63B5oynEpM=,w+9pWs0=,6519990A-E2FE-4309-BE26-FF2780770F34,2013-06-30 00:00:00.000
379,V09BZHvbhAXD4fluXDexe9/89mGNsFPrGa/5NMiJBRU=,3lDpoDs=,68380E9C-4BE4-42C2-986A-6B4113A02557,2013-07-31 00:00:00.000
381,m79YsPy3BDp4/SUQsvNcbTQuyZxUGV9TuBeHcAHjZCk=,F0hRcQ8=,D6851533-D23F-4256-93CE-E102E574E54D,2012-07-31 00:00:00.000
383,nN8saLd528vHfbAJ2beVHfVxulXDysNmr3HgaxoCkqE=,5mEKXu4=,FA4B1885-1A7D-4F77-9E72-72BA56773B83,2013-07-31 00:00:00.000
385,bnDkCXU7YCA05COiVJst0pMlaJtfAK0H8pgniBfLooM=,oOIbGSo=,A0C79569-4451-4BAD-913E-5A73D33F3B6A,2012-07-31 00:00:00.000
387,OfvFj11NFlpVFhEacTp7Nw+8EqwxHKIv9aJ+2ZgcUMI=,XaJdIYM=,4351CB7C-FCCE-4AC9-8D15-5B3FB58BE2F1,2011-10-31 00:00:00.000
389,ZRFnYyY0jR0KxF7thOVIbZAFk+RsH+WO0kvZDRTup2Y=,4TnK5Fo=,B5DD54E0-F5CD-4218-8443-12346C5B0613,2012-08-30 00:00:00.000
391,9lHdXDAUHUKcA9bEprsps9C8mGNyVVPQ36yJe1BxrWw=,TmbNGeI=,AC8EBF8A-E632-440A-8DBA-5FC8F2E79576,2011-05-31 00:00:00.000
393,2U2CpQ4QsrK7bs4+uB46cM8MZ2ElBSODTXy6OUFAARo=,49an/j4=,7F4F0542-B288-4132-96C9-52F8C6E7FAC6,2013-07-31 00:00:00.000
395,7Pu+s7FYZ9ERNs/++8Bd+aj1rUALff6EuUnG0Xi+5f8=,L1e3Y34=,2FFB1EAE-CE8C-4A84-9156-5EC462955CC4,2011-08-01 00:00:00.000
397,W6e3zjP9/VTWIVDfWOJ7/sdwfvSP0qPkcRJ1pTa249I=,mv8CSkM=,B69FEFCE-BF61-4A51-A18B-2DBAD052B530,2012-07-31 00:00:00.000
399,GVYXCGfsj47VsZUEhhRmXnl3+57f28vVF3wGHfli7oU=,p9JC+Qs=,B9849228-4D62-4AB6-B13D-DCACDC5E8AE3,2011-08-01 00:00:00.000
401,dT+8gAkuDqXAvfiIcTsiHoTPkfgs4bJuTILNGQjjc0g=,aKMOOAA=,B6C30036-CAF1-4173-92E1-94AEBD389293,2012-05-30 00:00:00.000
403,imfl/B9mwnNf5S/+SpP06lPyE87gtwU+TxWVH/MCJZs=,clyM7jI=,6DCEFAB0-5B14-4263-B9A0-CDBF8B0C5EFC,2012-06-30 00:00:00.000
405,q8JpThg+EEoLRrvqBMW+Wa0RbFcCIfVIzYcGGELEOdk=,cdUS/K4=,5DE297C6-4A6E-4746-AAE8-EE6A9CB37317,2012-10-30 00:00:00.000
407,0Zj/QvqIfcnIt8ISbqHJLXiHZBLNNda/rISdsKPMc1A=,5FcPo2M=,7B835E1A-2BFA-452D-9047-A966B86AF567,2013-07-31 00:00:00.000
409,eB87KQXenRjYIKfCwHZAA5Sc+PRa6i+uCsHgxCb4sTo=,SvfQMFI=,8B937B92-942A-47A4-8873-51F8FEB49004,2013-06-30 00:00:00.000
411,bskaXdzyt3OUpHetBO/IcD+SDhG5EyMDjtlYBlgd5JM=,m3KdhOo=,B50BE4DF-57E0-48DB-A1F2-9AFE8C690627,2011-07-01 00:00:00.000
413,xMbza0xIVChPioC0aj7XaFNIYvujYWti1/5ak4yo+l8=,GpPl4wk=,0D5428EB-C686-4CA6-9A28-B0BF21638CFB,2012-06-30 00:00:00.000
415,xuNXtohv6v+oONKrQTEFgHymksEBEqf56UboTCOZNaQ=,AlRuWPo=,82A6A82A-3678-4C5D-AA02-3C9975826533,2012-05-30 00:00:00.000
417,muiJ85PHJTw5ocOM+yS+gq+w8REzzCOfzXZNFyDZniI=,lUNnQso=,3E4E15F4-1427-4851-A427-7CCC91E4092B,2011-10-01 00:00:00.000
419,vIo4fLFjpzY1yqN4x78RzbUEUJ66Vzk0EDwrgtV80BI=,F8FwURs=,68AAB46B-E624-4D26-8AE4-1D37C7172368,2013-06-30 00:00:00.000
421,2AI5+SfyMHtp4CdWD9RUL3gRJINZoDAUYks0tOZMFjg=,LonZ/Qk=,757C81CF-6071-4A67-92C5-8AAB011A04E8,2012-06-30 00:00:00.000
423,vLUDWnax3Gmi5YkQm4IT6xpeBY3mqODaWQ9rBwgg0+I=,LXKtrcM=,42658763-BADB-4D0A-80A9-FD2C858A5C33,2012-06-30 00:00:00.000
425,3fQ9rnIDBji01itZFYURONO7IPAJd2xs+UkJFU+9g7s=,E0QX3Eo=,6871BF95-A906-4793-B8B5-B37AC9C43938,2013-06-30 00:00:00.000
427,zrx5RFbPSu5mxzlRdxbDIH2wSdDS9S9OvSavFh1QHUA=,XjtM78E=,F40F7FEF-A07D-4FF0-91F7-18246F9C3139,2012-06-30 00:00:00.000
429,DzbqWX7B3EK5Dub92CKHYSUGKGbZCbrcVDpVe/xyBeI=,zXNgrJw=,7BBB728E-E024-40DE-9A35-A6B05E63936D,2013-02-28 00:00:00.000
431,sKt9daCzEEKWAzivEGPOp8tmaM1R3I+aJfcBjzJRFLo=,8KfYx/4=,0834614D-9174-4A35-8F9F-F1F0C146F961,2012-07-31 00:00:00.000
433,JCE8JcINvTlx/mGrp+u3f46Lao9Kb8geA/jZnu1AfV8=,CxqC9bk=,B84127B4-45F2-4592-96C5-7426F863C8BA,2012-06-30 00:00:00.000
435,ZiSCppoMtwCk9QAM5hpxIfEvdHuU1ePAV7Fmhz42HNg=,GSOSh8E=,B98486D3-BE7A-41D6-AF1F-F5C312E2BD7F,2013-06-30 00:00:00.000
437,l3pyVEyTaWqsF1xRfSXtR2CgCOfOXQCSumdlzqMKLxQ=,BX3pcB8=,66C17E3C-EFB5-4FCE-8574-75D28B4CD8E7,2011-07-01 00:00:00.000
439,AYb1z1YP8GD/wLQ+bKn336J50wfaT+iwg9nCUpsvSDo=,7D/SGns=,0EFDC2D6-DD63-427F-B326-0BEDA3A9D564,2011-05-31 00:00:00.000
441,uzR3iWUJwdMRenhBxExmLfmCRPenWgwazHnSEPDbzb8=,kj/7VTw=,A8997EE4-46BC-4FF2-9CE8-74BD1BD553AB,2013-07-31 00:00:00.000
443,eDGMB2YfWk01chk81xHAqdOUtiP3/yqkCa8jZVnb3sA=,egLf1bU=,8A9E44C5-CADC-4ABF-827F-E7B202B5997E,2013-07-31 00:00:00.000
445,ZAEfhjv/Z9FMagDf4FCqdzSQRwo95biWjPsTXZR/Q+M=,WAHjLO0=,EBFC47FA-CC23-4A24-A3B0-6ED5617C2B58,2013-07-31 00:00:00.000
447,miuh5Po0s3jNnKrMwmuROEApoKFRWumb1K1EMP0hGB0=,TLqFgK0=,DF81975B-02C1-4E1C-BF46-4A2192F4FF64,2011-05-31 00:00:00.000
449,POpWTovMrdUJmLS24NDBdrrY5tasoVlQod5uB56k4YM=,Jx6w2tk=,1AA2B5BF-34CE-4E78-A0E5-D82BD23F054C,2013-07-31 00:00:00.000
451,FnBp23EtjoS2hj7nCcr9a76vZjNvQ+/WT/5vyYyKG5o=,TYGH50Q=,6D9F1018-8056-470D-BAED-8A3BC027D94A,2011-10-01 00:00:00.000
453,WI0gZCVSroakUOu5yzL2gqS0LT3BCs/Uu5DHPEKskEg=,6JG2B48=,9C596A72-14AA-4B37-A20B-BB2BBE13F956,2011-10-01 00:00:00.000
455,KdbvqruWQLQvmny6GQriEAH9S5l/PAggFpWjDOMTB+s=,cZEb0IY=,88040214-5C03-4B81-8672-66988E499E87,2013-06-30 00:00:00.000
457,IKeN04oVNJhVCRPh+H8BodLp24YZoRNRfJ0/S8zK+ls=,s71j+uU=,04C07B2D-EC46-4021-B3C4-F966CC9C0E2D,2013-03-30 00:00:00.000
459,xvClDu5JJr01TcnxmN1vuMKxvRmlPKIxxZHZVEPs8bk=,5qLSJhI=,026238EB-4EE9-448F-8112-D1E3C427A680,2011-07-01 00:00:00.000
461,qpx2N5Fr+ZSP8FYu1DKXJ9zd7h/omvmxP3SCSTFOgkU=,jVBLCZM=,56A965C2-02FD-4745-A66B-3D800C842F47,2012-05-30 00:00:00.000
463,xGCe2CsXuZvX8e6v4sTb/+XoU+4gWDQEnJADwhDsrhg=,ns1gQU4=,05749967-0F00-44F9-B35F-18DF1FAD884E,2013-07-31 00:00:00.000
465,0J6cl9Zhm+g4rbqJrvyshZWF72arbVNptT27ZL2QTMc=,2Ugh6Q4=,C370CF48-C7B9-4641-9F98-A6ED09FD48FD,2011-07-01 00:00:00.000
467,mkWYRKElomn/rzdyGkHqOO57mYyuvCUrMvDm3U8BVU4=,sByDUmw=,A0175255-7296-453C-ACFA-B28AE56D530B,2013-05-30 00:00:00.000
469,dGlOTb4tIwZCoQftB0K+7CHFl/ty6hYYq/X/T1Dq6k4=,9ak86/4=,D1A9473B-F01C-413F-AC73-703E83E32A0B,2011-07-01 00:00:00.000
471,uNz2P7Jd7t3y2Neqi3NsRS7m0blEPSm/j3sOdXpJ7aw=,G5Du9Sw=,F1281E43-E901-4F2E-AE2B-3D4F93CE7F96,2012-07-31 00:00:00.000
473,PGmZaBbqtByrVs9jYLcigdjJ5O29jcKmsdbRwANU3WQ=,6Mzfp8w=,16D281AB-F816-4D90-8406-31CC58D1B532,2012-06-30 00:00:00.000
475,hLNlhilKM2FsLdB5cUy1dYoONy6B0/JvGDsge1JfZUs=,a+GZz8A=,C13DE9E8-D9A9-403F-89CC-AB533BAD9774,2013-06-30 00:00:00.000
477,S9Kf7AXqY19C/4rLMHjUwO+5Yh7mMhaPsuouZxizDpg=,Hp2yS7E=,7DDC62D0-19BF-4E66-8EDC-57870B4DB95F,2011-08-01 00:00:00.000
479,X3gcQiNdNt3UVdv7KYuDQJIpoRC+POlA0beS70hzNhU=,DdRI/Rs=,C9F58B3C-EA16-419A-918C-4231D9A1FC93,2013-07-31 00:00:00.000
481,DzDPdDSYNm7AzMolCV84AlufTt0OPjg0IbZ2T+V75Cc=,Aq5sf0I=,FADC8197-290E-43F1-96C1-E5555C7DC9FA,2013-06-30 00:00:00.000
483,lbduPisVeIU+cP9cYQejSE4m0OPZJifKl9/E7GrrAyo=,BJUetfg=,DA2F0F23-7C87-4876-89CD-7A800C0B0161,2011-05-31 00:00:00.000
485,uj7ugYIlt8/EjcQMI8uLQKlKQQ/rSZ167vO7ihbVYo8=,toJKEB0=,0F69778A-AA8C-4F2D-9084-38E732869B9E,2011-05-31 00:00:00.000
487,qiRmTStKEBxzfmlGc6Ig0CWYVsQnN0PQGgmTEAyux7g=,Zg4TO0Q=,66693792-4C2B-4802-A74E-C1D4220443FC,2011-05-31 00:00:00.000
489,wqhgKfOTfef4Zo3cb6FwsFzvG/yCVstuYh3AuwjRszQ=,SZ+r60o=,8787B29B-4B61-4BEA-8F4A-21E1EDC9EBB2,2013-06-30 00:00:00.000
491,pKYDelLBOZMO98GBzhMxBSzzE0gUYKx9dXzYTYNuBgw=,jKtOaOw=,F42F3387-2114-401F-B3D5-6D3E8D44E9E8,2012-07-31 00:00:00.000
493,23AwhujCoXYSPiN/B+G8Z9rk36xl35EbdLT7akTMTqU=,SmyIPjE=,03E1E50C-2FDF-4D4D-A9EE-E77CC14E6CE9,2011-07-01 00:00:00.000
495,5QCj8NIegcVaNIwAHhbulqzIKzgsgpVptbr8vMjvY9Q=,8L4g3I4=,0F1108C7-FE85-439E-8E8B-459FB427999A,2011-05-31 00:00:00.000
497,hW0+tFeNNdvPsnKDuHc6OmH0bCdD2kCfpU6qVvIjdPs=,fjVy+G4=,182FEF94-C308-497D-B9B4-3BED923FDCE6,2011-07-01 00:00:00.000
499,OaSaJ/wRTB0DFRe0vMDnhW8BPYsB0r2Stk5dzsBWusI=,G5ADims=,468C0A77-6678-402C-8B04-C02BCE24A7AE,2011-08-01 00:00:00.000
501,0jG9Gd9zeMmtMNpm21YywHDkGtuig9bpzhihvGG3Zc8=,D4GPc1E=,3667C56D-A008-463E-A37D-AADF1F60FB80,2013-07-31 00:00:00.000
503,fOnF7T/vMnI6uJzH1IxN9lcM8z31odelgSIW9Vu8sD4=,dz8Ej6A=,08D224BB-BA1A-4095-8BCB-2F7AEA05A57F,2012-07-31 00:00:00.000
505,UsXZ9ElCaZBo0YED9A2khFNGjNK+8yHdxnraI+OHsZ8=,oMeb83g=,E5B87C53-304E-4957-B686-D3AD5B92DEA5,2012-07-31 00:00:00.000
507,OIxvEWZdVLRDl7G8DigXpzmDRx3tvWjd+Evpbrx4Cd0=,S95BF88=,69AB98B6-B6DD-4CA8-97CE-6B1B34157E1A,2013-06-30 00:00:00.000
509,lQBr+SJMfQdHmj/GHgx+x1PKMKtwLGbiInwVTo+4Qfo=,7P8PxcQ=,07C4916B-9A16-44E2-B1C6-AAC8D96C7BD7,2012-07-31 00:00:00.000
511,+CFHIbYlE+nsmSbCpJOTLZXChbtYA9JzdSnd1Qejk5g=,w7ec7iI=,BFF39E3A-F72E-4C51-8FB6-666D7083CBC9,2011-08-01 00:00:00.000
513,PVjlgzFHmEOmE1rZR4eOPQ/NYPQzjnTPYEtw/u2x7kU=,HcYhObM=,3D14527B-3308-4209-853E-D87506F6D68B,2013-08-30 00:00:00.000
515,fftjn+fbjvHFJ4bf7rTpLdlCHv61xF+y0ZPKKevQV98=,OzSaq2k=,4FBF4B8F-B43E-490B-AF13-996456BCC34A,2012-07-31 00:00:00.000
517,kOabrc0OqOISR4N3D3FZkOh3yAKQCF/ozSx7G00Kpt0=,jpRF8lY=,722854F3-B167-4274-93EA-F866F439E2A4,2011-05-31 00:00:00.000
519,k+5Up3VbZ42zYIdqXDRddgD50i7HWF73OcQg2px7nTo=,H1+ppsE=,02851CBF-CFE5-434C-A489-5EDFD983AF8B,2011-08-01 00:00:00.000
521,mBQHYK00pq9+tDgH7TR6fPrrYQ2drX7/VuuHgkUSOiQ=,MxiyX14=,EF34CFA5-4911-4DCC-81AE-8E6E6B2470D2,2011-07-01 00:00:00.000
523,t9ecYoVIOcEiyXvl+noHoCymcRlJij1fzZzXfKeZ/R0=,6ZoXk8E=,548FED9E-AA06-42B1-9F34-B0CFDBBEC3D1,2011-10-01 00:00:00.000
525,NN11OHHxrOm6r8lPyhXuBk13QMD+8tph5PIdJ4t0JmY=,PiILPfc=,15DA0A03-7569-4477-A2E7-FD85496CD7E1,2012-07-31 00:00:00.000
527,jIw8zSChmDX3xmVInKUV46U77LBgW9C5vlIMvK4NqF8=,J9DNyhU=,7A30C52F-84C6-41B3-8906-242D1BB8D582,2011-10-01 00:00:00.000
529,/bm469YZDR7PWfOc8FUEu9J7Phf56DBIYxC4iXljqBg=,LLe2/eE=,676649D3-0F07-43B9-A334-741694E04506,2013-06-30 00:00:00.000
531,X0mMEf93GofCIX40OtG1DToUNz1vSYRRvQW9Cuej2lc=,tz1SJ4E=,93174331-9592-400E-A222-5EE1E069326A,2013-06-30 00:00:00.000
533,7cimopKXrRxK/+QAEW4WJ+XGTEEJvTsX0l1QxCAWQI0=,C4OiUF4=,F47AA7C1-3849-4A4C-B2D2-DD0040B4C74B,2012-05-30 00:00:00.000
535,HKBXG8BXKW53RK2DsPsqNDV7PdDSavcncjD1t/rdW18=,dS1y3X0=,82A04E46-2EC6-4A8B-A328-ADF9C67EBEC7,2011-10-01 00:00:00.000
537,GEnplm5ZR9hRc5POt79/kUcC00ExVcOaHy9X/K4lY18=,7CqEciY=,2E6E0E71-9E7E-41D9-9156-6C4653628736,2013-05-30 00:00:00.000
539,KZaaqy2YCpxZaXM7rzYJyuNkw9w+wWoUaL5P6Jdyzpk=,T2lZOPo=,EB4A6B9D-8B66-4E3C-ADF4-5AD33A52041E,2012-06-30 00:00:00.000
541,WdS3xcgtqW4nnV7dyZ17PmiMPZ5vKs5whm3ANBVQ1sQ=,mQK+bIw=,7C0DE131-62FB-4C68-B510-0DFAEEBA4D60,2013-05-30 00:00:00.000
543,qdCjdhjkF/Zf0BXmu6nk6+cY06s6UWPKBIO2Pz5UaXQ=,oZSry7w=,A6E58C56-348E-4135-80DC-0A815E4DD07D,2011-08-01 00:00:00.000
545,ChGbWjf0h+VNc991cHR4FwJMGxeHxuYSeKVPflcq7wc=,dt/JUB4=,DB5C8FFC-6BF9-4CF2-B74C-F3D161B3D863,2012-06-30 00:00:00.000
547,Hb6tlp9dmUBqt0J2GaLP9vpIyKTBp9jNCmlC4eD5oTs=,M664584=,7AA1CE96-49E7-4D53-B999-36C917A6F281,2012-05-30 00:00:00.000
549,LWGD7IoABR3KAa0WE6LTNP3PzhsqX9YxhFfwHOU/B/c=,ESR629g=,1FA475ED-DF29-4DD3-BE8C-9772B8416232,2013-05-30 00:00:00.000
551,pd7lPYE+Gn7QnX4l6aMxG6WiRZGpPVsBcJ1kBpXl7pc=,MAOhXKA=,14716E61-859C-44E0-8B7B-A93EC2DF3150,2011-05-31 00:00:00.000
553,jc5/HlVyr+q22DdFCk6y7D8Go9qqILJRNefujBQeB4k=,Eg5l2XQ=,9F2A8F2E-7B69-40DB-98FF-6806096BFFDA,2013-06-30 00:00:00.000
555,Ioh5Ss2cXrUAI8DZcSkQ/z92aEmHE0Wxqc6MdggjJQE=,MjQeaAE=,1E487AA0-14A7-49E6-A796-FDF2B63EC039,2012-06-30 00:00:00.000
557,haGTwCpR1pahJRX/490ASvk+bkWOZv828Z8Krd0XO50=,Jmtgb40=,F7B5F149-FA3E-4630-BA0C-240E7AEE0545,2012-05-30 00:00:00.000
559,V74x3qYKzA71fWSI3y7gFD552b65vQ+acGzI6wdBsQ4=,hY2Xf6o=,52D39ECD-7C7C-47A4-B94D-97C573C05AA3,2012-07-31 00:00:00.000
561,XaEqG3bH0NhFTn8IBCk4SidcF444Tnvqqr5UjGUiN7E=,DblcZuo=,69C0FF93-44B4-47BE-B681-A94C544005F2,2012-06-30 00:00:00.000
563,Gis+0meEEi4wYvAYCYMF2ojRbDYDo6iooOC8ghtHne0=,W5CvWGU=,C2447409-4411-442D-AAA3-A248AAD305BE,2013-05-30 00:00:00.000
565,VC5UG8CPRifGAgItWSWIpplMzshRj9HJwWt6KBvEFk0=,aNoO9K0=,C3DB62EB-5EA7-4DA1-9A2F-D02A289CC167,2013-07-31 00:00:00.000
567,T/bv1rFa810sj9grbl1JSyZU4pUfTDv7DeeuFCnP/JA=,q8LrIV0=,A4D56B69-08F7-4DF7-9A27-3FB3F9661A07,2012-05-30 00:00:00.000
569,/96oQfFuq06DWi8P5TZqIU/tF2E/GKRMliIjGRWKRDE=,9P3dKrM=,1E77228D-BE6B-4145-88BE-9A05169D2AC7,2012-05-30 00:00:00.000
571,cvCHW2+xxa0C0SWtoYyn83PAIn6qI39SbK+kOK+gUGI=,6QL/f9s=,BFE3B2AC-1750-4FEA-8F72-A56CFBC52923,2011-07-01 00:00:00.000
573,ho3bUU87fZAlity/45XvFPVE/DgEaLKvI+ZW1e56rnA=,x1JqF8M=,2C5135C0-FE67-45D5-A22D-05E9254A134D,2011-05-31 00:00:00.000
575,qmRSXy0pBT+mx3zvdDhviVRkv6RaLx5YZfupT8jWZ6c=,CNMbaKU=,24FBE555-1833-4B77-842D-8985F299159D,2012-07-31 00:00:00.000
577,XrK/nO/lxpYCi76Scw+BP8jrd5HmxM9PtqWZGK7Sgss=,by9geKQ=,0437886B-0E41-4FAC-8FA1-B69DB00E6646,2013-07-31 00:00:00.000
579,lYPMOabTmO7waFR155ZAm1jDwBg6VW2xrT6sZ1yxPio=,e8KtQ70=,C98E3F0D-7862-44BC-B33F-4211963FF540,2013-06-30 00:00:00.000
581,rNrLjC2R6mn8cOL266edTokva8cO9xuCPPZpJbECoDY=,jTUCl9c=,D530FAE2-471F-45F9-9553-CEF370D2AD4B,2013-06-30 00:00:00.000
583,OJ0Ihl4eM8mlMNWgg6Kc7EZIQ2UVMiOK9BPDc/PODtE=,UYH2+4U=,821AF961-6DB8-417F-9F42-A84407BF9462,2011-05-31 00:00:00.000
585,HpDMv2bnK4/qDUMQn8+csux9vDdycGo7vFyJ5y4Vh/Q=,NbybY4k=,16D0A4CA-A971-4E76-85CC-D1E4D2BB349E,2011-10-01 00:00:00.000
587,adQ3TmZB28FhQvF2FntW1RInx5S+aOSvwpURQDLarr8=,KoBtEoU=,92F939F6-C73C-4004-A8C3-92A1774D67F2,2013-07-31 00:00:00.000
589,FPJmHrnW/WQmlakWKWnhhQ76XffgcTTLJU8zPQtuhUU=,1d4mw2I=,6FB0F9B0-8B10-429B-A0BB-5E6C4E279CBA,2012-05-30 00:00:00.000
591,7zHYCWMhkitUJXggqG0dMfCqyK0FBDp/XwCeyPYWZ1A=,DBuWFZ4=,56C18A55-5D37-4B28-AF61-83E94470B7A1,2011-05-31 00:00:00.000
593,tY4t3c3N+x3dGhjcycc36pnEH91FcjMMv0aL9phlAIw=,Yk0zAmI=,DC3EC74E-D244-493E-9C87-A4835CB817AE,2012-09-30 00:00:00.000
595,1tbKzsdwFfEX1T/OP+I5Eu7EVKuWn2FviChJGtlaeQI=,x8xILbE=,97EE425F-C5F4-4EB8-BE06-362FB52F941A,2013-06-30 00:00:00.000
597,W+klFtJ6V2H2UQK1pJdYy2MEbai2eYSHD0QGx02rFw8=,8iuXJ0k=,7E092E58-523F-4C68-9E93-65201E11281E,2012-06-30 00:00:00.000
599,6puEloqDRSg8AhINyUQ7qORZUS5CON8jUaFikiprWVo=,bhH3VWU=,BB717886-9301-4168-AE65-6F54EB900CB3,2011-07-01 00:00:00.000
601,+hCthjbuE+VctSZXuurfmfusjXPrneMHQFQLVjTsnuE=,fS7eEaQ=,755D9581-637F-4480-AAF4-772839DA7A3F,2012-06-30 00:00:00.000
603,2M0gyZbQhz7/ANSWaeDe7d5yERSsp7wtoXr6pGidwpU=,yXHSZPA=,925DB402-A114-44BB-89CF-BBFC567D4949,2012-06-30 00:00:00.000
605,1/Mx54+BQIr9RucmZMIWPtGL64l8uW5uMpyMbibQ4sM=,MxltZqo=,35A401C2-C78C-4D5D-917D-EAD656371274,2012-05-30 00:00:00.000
607,hKb4COq5+4SAW8APMfmPmILk4cdhwtpjpD7Yx8xcx9U=,eVaIdvY=,9418466E-5E6D-4FF2-9264-B8D75D92505F,2011-07-01 00:00:00.000
609,4Bpel2O22n24cxB52Z41iccy4NiEKjeOgfv1mVGoFzg=,YmX4JFs=,08B7F76B-991D-4F00-96E3-CC6151755DF0,2012-09-30 00:00:00.000
611,sk3ylc8GdTAWxH2DM4cy8rLkoHXK7tIeMWUl3VNm+Bk=,2NEGr8A=,C5D8D402-DF48-46F9-B72A-02D76D97A49B,2011-08-01 00:00:00.000
613,RKimtgGoqQN8dj2KGy7mvo2DrpTK0yOpF9e6sgxyOTU=,LQWSses=,FDBE396A-E1C8-46AB-89C9-6D20852FF3BB,2013-05-30 00:00:00.000
BusinessEntityID,PasswordHash,PasswordSalt,rowguid,ModifiedDate
615,LRHVN2r+JiaAlaYv8Kjah1XAIUFUbWktBCa5/1y7Nzo=,MHhzjfE=,5B456967-57A9-4C7E-94F8-5B6DA5C90D91,2011-07-01 00:00:00.000
617,aQhg/A43Nq3pqIBjcyPBvjQ7qXHAckVwm6FjAZCx0nc=,RpQyjlA=,4A17E1C5-89D2-4082-A072-36267EA5C1A1,2013-07-31 00:00:00.000
619,oI+62Om+Zk4eVmIeSXYg4t5lRC57EFZdjzyLLbRef8Y=,bVubb9w=,7332AD95-41D1-4466-8624-AD3B1882BE63,2012-09-30 00:00:00.000
621,jtF9jBoFYeJTaET7x+eJDkd7BzMz15Wo9odbGPBaIak=,wVLnvHo=,F37FF22E-2ACC-427B-BA93-A3ADC18D0324,2012-06-30 00:00:00.000
623,i2wdAGSoqEMRA4YI1dVqMPZrZZ0yIC99wLJ4VjmJzJw=,0Drj1ys=,4FD7D711-B2E5-4920-8E6A-E544BA8DB530,2013-07-31 00:00:00.000
625,GJhY98QoDTRmv/6f6RcLwoj2v33jAZopR8AjLor/sqc=,fYgdeM0=,51246F46-D3B7-4797-ABE9-8A6420900B2E,2013-07-31 00:00:00.000
627,f4iXzmfI1g8+bhe+a0sEY823ugCXBbfi52+Ucf/oISU=,okI8MEE=,413C61BD-025D-4285-AAF7-13C9A5AA7EA4,2012-06-30 00:00:00.000
629,ZIXjFmD2T/Gf9bPHIkx7X82eU+I86/8p3rmYxWqwtkQ=,BUBjqIQ=,F4FD2BFB-3F00-4083-8E2B-E3C7B98FB394,2013-05-30 00:00:00.000
631,d3uGruCihzt7+Dipsh3+fE3iZd/uKCf8sy56xa5chxU=,zmqmiAQ=,EA63CF31-ADDB-48E9-B8DA-75C9CB9A86A0,2011-08-01 00:00:00.000
633,bSJAoCBdpJO3UjXZ4zn7Imhiv5VgsAluXJ7Om54l/oI=,yPvdwD0=,EDC1CB94-6A9E-479E-8BE8-D6ACDDC126A9,2012-06-30 00:00:00.000
635,f77mNte/INOKgmRm+E21CpyqYRUT6VIgbPhm+rAa3O0=,FEwtXsY=,F5E39FE0-28C4-4B71-BE29-B0032F5D86C1,2013-05-30 00:00:00.000
637,yaVIQNTOMlDFxsn08drJdHoPTkydd5XKkeBgAPyVGbk=,v43cndI=,8071883B-ACB4-4E70-97E4-9421F26C0F80,2012-07-31 00:00:00.000
639,Q0MU0NsjDAbnQSqMBkP9Sm4G43DKXcirOnAKlzYSYnI=,DZ8e0Xk=,C2944728-B2F7-4BDB-B5EA-FCD24C3F4765,2012-05-30 00:00:00.000
641,LNoK27abGQo48gGue3EBV/UrlYSToV0/s87dCRV7uJk=,YTNH5Rw=,79F2E1F8-4AC2-428A-93C5-852E82FA4F46,2011-08-01 00:00:00.000
643,OKT0scizCdIzymHHOtyJKQiC/fCILSooSZ8dQ2Y34VM=,ihWf50M=,CD41EA48-0DF7-43F6-BE37-D5A65020BF66,2013-07-31 00:00:00.000
645,rgaG+zYlO9rHIFkoqk0z039MKXVFZ+zYkK0A3caQI8s=,H+YW4B8=,428AA70B-D169-4387-96C4-66CB269B17A5,2012-06-30 00:00:00.000
647,NLAR7H8spiCb/C0qY+3qkJm3VuoSOqDw7yspRc1CTTg=,Whn5BXY=,E0969EF1-298C-40DA-915C-9AB8C1A2B06A,2011-08-01 00:00:00.000
649,8Tylgk8TAmE6f1XyZ5YhwG6cMmz4hyEJACpXyLdJBbc=,bhymSl8=,AE7063CE-8151-4FDC-8265-79ED2D7CBCD5,2012-06-30 00:00:00.000
651,NghLMnHjoD3F7B0y8sTtYlpCq5imhhvrn56YUAUNEm4=,68RH5og=,3F095258-1370-4D5C-98AC-BBE4C0A4737F,2013-05-30 00:00:00.000
653,jZ9NU1E+aLVsmEG9g47FgOf4dll/etSfCsC3U2JBCEQ=,ogRILko=,CF1AA462-CD50-4EF1-BF6D-F2ECFC39254B,2011-08-01 00:00:00.000
655,I5oNRDKehZnUlVTunv+30kLR3rM7VyVA2vJyu6CNveI=,beKST+I=,97FF8825-53B0-4E57-A339-041C9D648F8F,2013-06-30 00:00:00.000
657,20rlqqjWOPLBi7oYKBrHMzouHcYl6OknJcV+yc0zQKo=,QS6UTS4=,495FBD89-EF5A-40CE-B243-EABD304FB11B,2012-07-31 00:00:00.000
659,Eo1pvctUvdkRpUgGHwOfILlh5uZiYuLv+eBXLj1viR8=,LCi+QgQ=,6F96A3FF-A39A-41D2-822A-4A3515E569FD,2013-07-31 00:00:00.000
661,u/IE2VGaycl6iSw+8Es0ro5F6g//TK/eJA3ICMBHXmc=,n+71V7I=,57B5F0A0-998D-48CB-BF48-F1BECCD376A1,2011-05-31 00:00:00.000
663,2q/adXb6VkY6cbqYX75f68kr7jh0eppAMpQy5XgEIA0=,P6JosXo=,1F6FAB01-E83E-45C3-9A7E-4A78D870E52D,2012-05-30 00:00:00.000
665,MDrS/RVvZQcjU7Hm5uqBTdvu+Q70n13xwtsUF1vJzio=,43NKig8=,643B44E5-EA51-4F62-B667-6ACD43EEABAC,2013-05-30 00:00:00.000
667,cTcQEsZdQPvGLuu5iDRwrqp4fM6oBxNFi+X7anqqPzA=,bvb6hus=,1D6FBC0B-B6DE-4AB4-B6F3-8B015E93C515,2011-08-01 00:00:00.000
669,QHqQuKTbipj1cJzbCkCMH+zQGE09jtToYi9uy0cv77E=,KOGA0IE=,3980CEE3-18DA-4240-A0EC-721F1EAE9F29,2013-05-30 00:00:00.000
671,yRB9ce1nhQby11wW4ZjaqdAHLcagnHeelEySfrDOivk=,af0s25U=,9BBD3769-E38A-480C-815D-E109BAA57EA8,2011-08-01 00:00:00.000
673,O4klT8SXfYnT7o3qMpvaJ2lqs00qG6/UsfyahQihxFU=,Ze2j4rQ=,D18736BE-26E0-45A2-879A-2EBF0649BB6A,2012-05-30 00:00:00.000
675,8yXZcspdX8/jmBWla5+iMzx1H9R9M7DRTmSXXH7PZyE=,W4VjIm4=,C01D8552-6D4F-4974-8637-F43CB1395A35,2013-07-31 00:00:00.000
677,iwlZhoYS98IRDbB9ps/YqC5ITCR+AZm5L+5g5nqHzE4=,okCr0j4=,3D1EAC87-7CC7-45C2-85BE-426937B1AE3A,2011-07-01 00:00:00.000
679,f1CVP7OeqihcbJ3lVWZr+lFVX9AgnrBETeS6y79IwtE=,ZKzHFVo=,9D96464F-F498-4688-9F3A-C467393DA558,2011-08-01 00:00:00.000
681,UVTWGfYZBU+ZmXLqhvqZFDwYXdtX14O87KHOHN36XDc=,pI/k4Qw=,DC181C3A-98AC-4296-A959-11C534CEDF38,2013-07-31 00:00:00.000
683,3LD/Jab7lP6gIPvK5EdTnwhHBo+dxs3y9GbIgmN6E8Q=,BG6Ps64=,FFF6FCC8-E4ED-419F-B553-299837FABE8A,2012-05-30 00:00:00.000
685,weDREfIdFEInQXlEuUK3AjoRiqGR7g2cJQHBZ1BT5xw=,ggpF1Og=,A8E61416-6C0D-482F-AF14-1977181957E6,2011-08-01 00:00:00.000
687,zlo3ICWqx3xmWW4DXf26CrZLnyFsmBNIwW4Tasq+08I=,E/Wf57Y=,50E799F9-362A-424E-9C23-913689188755,2013-05-30 00:00:00.000
689,iGnglf7FyuFSHjnOmeltfov2mSPoJyZNWEjkJXEG/XI=,o4eTk9w=,0A86843F-9E59-458B-BCBA-DC124D5D3408,2013-06-30 00:00:00.000
691,/hC1/1piIpb1rEPcnsKZACJmtvXC3L9d/IKy/okx+gA=,E3T/2vg=,87775E2A-41F2-47F4-BB29-D133B5F2F01D,2012-05-30 00:00:00.000
693,ZJ2widMDceVmN30pfgwzpo2Z53AGVrr2LIlFccG4KEc=,BuagBic=,4F7901F1-9EC5-4344-B00F-03A0BF53C264,2011-08-01 00:00:00.000
695,8C7859RNaDWPJkDaaxgaJaZPSf7ikFyFa//RYOz0aPo=,tAAs8Fk=,868C8060-19E7-40D4-BB02-7A5488FD5478,2013-07-31 00:00:00.000
697,aYMnJWG8kcje4oi//UN74GEofBYYOWZUQVQHwYVt4dc=,V4hzung=,9A647F06-34EA-438E-9193-5D6059F5AE76,2011-05-31 00:00:00.000
699,Vlb2fj7yW2d5JtfPLZvbicsQNEgLhh0b93Uw2pLEBuE=,2cMmc9Y=,E10F6A4A-62E5-4F5F-B9CF-59C6A046EE45,2012-06-30 00:00:00.000
701,ZZhnNULC5d/7tZv0hUtCl4jKwgyZql8aSrIzlTaTvg0=,hGHOthw=,4FE4B526-31AB-48D0-9B49-82198163A05C,2012-07-31 00:00:00.000
703,bYMscM8TRLDwfQFOtRf5M6HKOBsxGHJcBWQg+Wzm8L4=,Uzmdc2U=,C3856B0F-E1B3-40A9-B1DB-4ED7EF05082E,2011-07-01 00:00:00.000
705,kLG94zFzYWSsw4h4xgyeHvOysYhkD13QtNCU57GeTQk=,vlKL9ro=,F8B58FBB-9F39-468E-80C8-D199CF98C426,2013-06-30 00:00:00.000
707,o02Imw+gyZX9J1yiTBKYD4M5XlerPqz3usX+v3CsDHA=,PZCGT2g=,9BC39B13-CF5C-42C1-AF07-113FC9563D0D,2013-06-30 00:00:00.000
709,/C/8uEUysftboKE3e0zwpZloNX4kXUVkMmPCCNjiIYs=,mnllEY8=,6ED9CD2F-8C31-4A8A-B736-E4C0D7787E93,2012-06-30 00:00:00.000
